familia,especie,categoria_listaroja,temperatura_promedio_anual,precipitacion_promedio_anual
Fabaceae,Abarema adenophora,Least Concern,25.74282055267921,227.51923076923077
Fabaceae,Abarema barbouriana,Least Concern,24.80527851373787,238.86635220125785
Fabaceae,Abarema macradenia,Least Concern,25.325773189977273,241.37113402061857
Fabaceae,Abarema racemiflora,Least Concern,21.42671572928335,222.01225490196077
Euphorbiaceae,Acalypha diversifolia,Least Concern,23.78657043410178,209.37624378109453
Euphorbiaceae,Adelia triloba,Least Concern,25.011762343715443,213.9653110047847
Lamiaceae,Aegiphila anomala,Least Concern,22.644512195251174,247.98441734417344
Lamiaceae,Aegiphila costaricensis,Least Concern,23.737780455213326,233.765625
Lamiaceae,Aegiphila odontophylla,Least Concern,15.160995359773988,233.02314814814815
Lamiaceae,Aegiphila panamensis,Least Concern,24.754067638601782,203.9501828153565
Lamiaceae,Aegiphila valerioi,Least Concern,20.083095250810896,229.85119047619048
Opiliaceae,Agonandra macrocarpa,Near Threatened,25.60579708520917,127.20833333333333
Lauraceae,Aiouea chavarriana,Vulnerable,24.583055554495918,292.98055555555555
Lauraceae,Aiouea hammeliana,Least Concern,18.28177969603889,232.4406779661017
Lauraceae,Aiouea montana,Least Concern,21.789680233759473,164.66666666666666
Lauraceae,Aiouea neurophylla,Least Concern,24.231048381456766,248.80913978494624
Lauraceae,Aiouea pittieri,Least Concern,19.696130972533,209.17559523809524
Lauraceae,Aiouea talamancensis,,,
Fabaceae,Albizia adinocephala,Least Concern,24.16807063506997,178.34284420289856
Fabaceae,Albizia niopoides,Least Concern,24.429912649214355,123.35352983988355
Euphorbiaceae,Alchornea costaricensis,Least Concern,25.298759670405424,242.16317829457364
Euphorbiaceae,Alchornea glandulosa,Least Concern,21.261848946490016,170.11572265625
Euphorbiaceae,Alchornea guatemalensis,Endangered,16.22666666507721,245.05
Euphorbiaceae,Alchornea latifolia,Least Concern,22.198619281232748,195.40253267973856
Euphorbiaceae,Alchorneopsis floribunda,Least Concern,25.162754514870635,229.17684700407213
Juglandaceae,Alfaroa costaricensis,Least Concern,17.42457627711323,234.87782485875707
Juglandaceae,Alfaroa manningii,Near Threatened,21.937590593877047,228.8125
Rubiaceae,Alibertia atlantica,Least Concern,25.23061400631018,281.53245614035086
Rubiaceae,Alibertia dwyeri,,,
Rubiaceae,Alibertia edulis,Least Concern,24.702790498715316,162.9726294090701
Rubiaceae,Alibertia utleyorum,Vulnerable,25.535483908909622,262.61021505376345
Sapindaceae,Allophylus gentryi,Least Concern,24.609210499545984,237.109649122807
Sapindaceae,Allophylus psilospermus,Least Concern,23.37374918130871,218.9335607537362
Sapindaceae,Allophylus racemosus,Least Concern,23.373019419621638,210.6177130044843
Betulaceae,Alnus acuminata,Least Concern,,
Rubiaceae,Alseis costaricensis,Near Threatened,25.559150377909344,233.88888888888889
Simarubaceae,Alvaradoa amorphoides,Least Concern,24.36589126807943,102.46591683708247
Alzateaceae,Alzatea verticillata,Least Concern,18.498155241249172,176.75254452926208
Rubiaceae,Amaioua glomerulata,Least Concern,25.362639149988443,190.13729128014842
Rubiaceae,Amaioua pedicellata,Near Threatened,22.069248862109834,274.73474178403757
Ulmaceae,Ampelocera macrocarpa,Least Concern,25.057712167933367,258.0652173913044
Bignoniaceae,Amphitecna isthmica,Near Threatened,24.306439373228287,243.5429292929293
Bignoniaceae,Amphitecna sessilifolia,Least Concern,17.583508786820527,247.67894736842106
Rutaceae,Amyris balsamifera,Least Concern,24.01344937111255,123.47521097046413
Rutaceae,Amyris pinnata,Least Concern,23.55243270293526,165.26966873706004
Anacardiaceae,Anacardium excelsum,Least Concern,25.268165772764352,193.1439594356261
Annonaceae,Anaxagorea crassipetala,Least Concern,25.44635231384603,277.89916963226574
Annonaceae,Anaxagorea phaeocarpa,Least Concern,25.556948662284398,271.9418429003021
Fabaceae,Andira inermis,Least Concern,,
Lauraceae,Aniba venezuelana,Least Concern,23.799116194850267,273.2550505050505
Annonaceae,Annona amazonica,Least Concern,25.29053502023956,215.90226337448559
Annonaceae,Annona danforthii,Least Concern,23.521666754616632,301.39722222222224
Annonaceae,Annona glabra,Least Concern,25.47795437833016,147.1449353448276
Annonaceae,Annona montana,Least Concern,24.449006520980618,151.19810201660735
Annonaceae,Annona mucosa,Least Concern,24.019202297193964,196.4608004385965
Annonaceae,Annona papilionella,Least Concern,24.633880592460063,232.8917910447761
Annonaceae,Annona pittieri,Least Concern,23.22916666085158,265.1656504065041
Annonaceae,Annona purpurea,Least Concern,24.58118384461554,136.60152116402116
Annonaceae,Annona reticulata,Least Concern,24.907034405973437,123.27260458839406
Caryocaraceae,Anthodiscus chocoensis,Endangered,25.520694438616434,307.81944444444446
Malvaceae,Apeiba membranacea,Least Concern,25.128398940068845,245.103937007874
Malvaceae,Apeiba tibourbou,Least Concern,25.260904946416204,177.54025607638889
Rubiaceae,Arachnothryx aspera,Near Threatened,21.325586843938336,195.8931924882629
Rubiaceae,Arachnothryx bertieroides,Least Concern,23.42425148453779,236.62724550898204
Rubiaceae,Arachnothryx buddleioides,Least Concern,20.19393939787808,205.84787390029325
Rubiaceae,Arachnothryx calycosa,Vulnerable,19.289864823624896,261.2454954954955
Araliaceae,Aralia excelsa,Least Concern,25.45818713533948,130.48026315789474
Primulaceae,Ardisia capitellata,Vulnerable,18.217424222917266,258.49242424242425
Primulaceae,Ardisia compressa,Least Concern,21.28267427778063,156.35640050697086
Primulaceae,Ardisia dodgei,Endangered,25.005459695026794,263.8965517241379
Primulaceae,Ardisia dunlapiana,Endangered,25.457253041090787,270.1188271604938
Primulaceae,Ardisia fimbrillifera,Least Concern,24.793032768645574,300.0075136612022
Primulaceae,Ardisia glandulosomarginata,Least Concern,15.261586758371902,216.3898401826484
Primulaceae,Ardisia opegrapha,Least Concern,23.63861654353644,243.80156136528686
Primulaceae,Ardisia palmana,Least Concern,19.003414348319726,249.27951388888889
Primulaceae,Ardisia pleurobotrya,Vulnerable,12.997028970027316,211.76884057971014
Primulaceae,Ardisia revoluta,Least Concern,23.51089577229243,125.85346683893195
Primulaceae,Ardisia standleyana,,,
Apocynaceae,Aspidosperma crypticum,,,
Apocynaceae,Aspidosperma megalocarpon,Least Concern,25.21956214931725,177.02071563088512
Apocynaceae,Aspidosperma myristicifolium,Least Concern,25.063785982720646,224.0812757201646
Arecaceae,Astrocaryum alatum,Near Threatened,25.111991876509133,247.84146341463415
Arecaceae,Astrocaryum confertum,Endangered,25.56249996026357,290.1736111111111
Arecaceae,Astrocaryum standleyanum,Least Concern,25.65670388992494,369.69972067039106
Anacardiaceae,Astronium graveolens,Least Concern,24.40438928555593,127.14503816793894
Arecaceae,Attalea rostrata,Least Concern,25.619859786048487,186.57632398753896
Melastomataceae,Axinaea costaricensis,Least Concern,15.116421620051065,215.3308823529412
Arecaceae,Bactris gasipaes,Least Concern,24.37951714478178,196.5841121495327
Fabaceae,Balizia elegans,Near Threatened,24.972222229447027,220.87626262626262
Moraceae,Batocarpus costaricensis,Least Concern,25.011419748573147,218.61574074074073
Fabaceae,Bauhinia ungulata,Least Concern,24.98940400985236,128.17879499217528
Lauraceae,Beilschmiedia alloiophylla,Least Concern,23.918888913260567,177.4611111111111
Lauraceae,Beilschmiedia costaricensis,Least Concern,19.03273809055931,157.49404761904762
Lauraceae,Beilschmiedia ovalis,Near Threatened,17.121783641346713,204.843567251462
Lauraceae,Beilschmiedia pendula,Least Concern,18.077866635799406,162.92866666666666
Melastomataceae,Bellucia grossularioides,Least Concern,25.94741310901928,200.97442733017377
Melastomataceae,Bellucia mespiloides,Least Concern,24.879395634700092,221.53754578754578
Melastomataceae,Bellucia pentamera,Least Concern,24.7213372438048,228.00444299956655
Euphorbiaceae,Bernardia nicaraguensis,Least Concern,24.006683150533796,135.45874587458746
Malvaceae,Bernoullia flammea,,,
Sapindaceae,Billia rosea,Least Concern,18.563618789072233,196.78508771929825
Bixaceae,Bixa orellana,Least Concern,24.565792117604875,169.57212505026135
Bixaceae,Bixa urucurana,,,
Ehretiaceae,Bourreria costaricensis,Least Concern,22.35235174838263,242.37985685071575
Ehretiaceae,Bourreria grayumii,Vulnerable,25.417187492052715,230.52083333333334
Ehretiaceae,Bourreria rinconensis,Endangered,25.915196063471775,262.86764705882354
Acanthaceae,Bravaisia integerrima,Least Concern,25.579960717667767,164.91175507531108
Violaceae,Bribria crenata,Vulnerable,25.715639208005445,251.42351598173516
Moraceae,Brosimum alicastrum,Least Concern,24.932196978366736,152.37247474747474
Moraceae,Brosimum costaricanum,Least Concern,25.338912403516176,234.9364406779661
Moraceae,Brosimum guianense,Least Concern,25.35579711423404,206.77427536231883
Moraceae,Brosimum lactescens,Least Concern,25.15174418978641,205.35829913360692
Moraceae,Brosimum utile,,,
Brunelliaceae,Brunellia costaricensis,Vulnerable,14.296666672494677,209.30833333333334
Malpighiaceae,Bunchosia argentea,Least Concern,23.335878228950882,219.59780439121755
Malpighiaceae,Bunchosia polystachia,Least Concern,23.85297618656562,210.13161375661375
Malpighiaceae,Bunchosia veluticarpa,Near Threatened,20.54289219426174,214.42892156862746
Burseraceae,Bursera simaruba,Least Concern,25.483595982663612,130.73209169054442
Burseraceae,Bursera tomentosa,Least Concern,24.668493144225494,133.00989345509893
Malpighiaceae,Byrsonima arthropoda,Least Concern,25.15606965449319,212.1910447761194
Malpighiaceae,Byrsonima crassifolia,Least Concern,24.588580003494588,145.79916191463624
Malpighiaceae,Byrsonima crispa,Least Concern,25.174732913318863,181.82451923076923
Icacinaceae,Calatola costaricensis,Least Concern,20.937956617915468,211.36558219178082
Icacinaceae,Calatola mollis,,,
Fabaceae,Calliandra trinervia,Least Concern,23.257022490438896,230.749531835206
Lamiaceae,Callicarpa acuminata,Least Concern,24.798263550031535,134.7997938471297
Calophyllaceae,Calophyllum brasiliense,Least Concern,23.810311463344778,151.162984006734
Calophyllaceae,Calophyllum mesoamericanum,,,
Rubiaceae,Calycophyllum candidissimum,Least Concern,25.448447720365586,141.90343137254902
Anacardiaceae,Campnosperma panamense,Least Concern,25.523500026067097,285.315
Capparaceae,Capparidastrum discolor,Least Concern,23.0012738765425,238.26008492569002
Capparaceae,Capparidastrum uniflorum,,,
Meliaceae,Carapa guianensis,Least Concern,,
Meliaceae,Carapa nicaraguensis,Least Concern,24.16314811706543,292.3586419753086
Caricaceae,Carica papaya,Data Deficient,,
Caryocaraceae,Caryocar costaricense,Endangered,25.34951687089487,255.73671497584542
Lauraceae,Caryodaphnopsis burgeri,Near Threatened,24.749418569165606,249.79457364341084
Salicaceae,Casearia aculeata,Least Concern,,
Salicaceae,Casearia arborea,Least Concern,23.799487026751514,181.18074748743717
Salicaceae,Casearia arguta,Least Concern,25.02636859741814,175.15206812652067
Salicaceae,Casearia bicolor,Least Concern,25.630775571477475,217.0984098409841
Salicaceae,Casearia coronata,Least Concern,23.814814794328477,250.78851851851852
Salicaceae,Casearia corymbosa,Least Concern,25.040664075005925,136.8777490297542
Salicaceae,Casearia laetioides,Least Concern,24.97358191981703,158.06442577030813
Salicaceae,Casearia povedae,,,
Salicaceae,Casearia praecox,Least Concern,26.47971888239604,150.50200803212851
Salicaceae,Casearia stjohnii,,,
Salicaceae,Casearia sylvestris,Least Concern,22.885936126670913,143.23912175648704
Salicaceae,Casearia tacanensis,Least Concern,21.0450320585798,231.1875
Salicaceae,Casearia tremula,Least Concern,25.96253042441505,119.51794403892944
Rutaceae,Casimiroa sapota,Least Concern,20.67272725565867,141.00804924242425
Fabaceae,Cassia grandis,Least Concern,25.260010263595085,155.62731006160163
Rhizophoraceae,Cassipourea elliptica,,,
Rhizophoraceae,Cassipourea killipii,,,
Moraceae,Castilla elastica,Least Concern,24.961111138009617,155.22222222222223
Moraceae,Castilla tunu,Least Concern,25.69673658695532,244.01340326340326
Urticaceae,Cecropia angustifolia,Least Concern,19.856765314086044,175.68199436222693
Urticaceae,Cecropia insignis,Least Concern,24.107142841782558,232.9187675070028
Urticaceae,Cecropia obtusifolia,Least Concern,23.597422118175,192.9140708915145
Urticaceae,Cecropia peltata,Least Concern,25.11869940555624,171.38564547206167
Meliaceae,Cedrela odorata,Vulnerable,,
Meliaceae,Cedrela salvadorensis,Least Concern,23.74767934068849,103.70569620253164
Meliaceae,Cedrela tonduzii,Least Concern,18.4952777588809,196.65740740740742
Malvaceae,Ceiba pentandra,Least Concern,,
Cannabaceae,Celtis schippii,,,
Fabaceae,Cenostigma eriostachys,Least Concern,25.79975560683309,93.16324535679374
Ochnaceae,Cespedesia spathulata,,,
Solanaceae,Cestrum microcalyx,Least Concern,22.67368866707468,231.13324873096445
Solanaceae,Cestrum racemosum,Least Concern,23.10640074061109,211.36317254174398
Solanaceae,Cestrum schlechtendalii,Least Concern,22.326499630668078,184.05140470766895
Olacaceae,Chaunochiton kappleri,Least Concern,25.664837404318295,204.87059620596204
Celastraceae,Cheiloclinium cognatum,Least Concern,24.42466141668191,169.44022940851298
Rubiaceae,Chimarrhis latifolia,Least Concern,25.626777687072753,246.89
Rubiaceae,Chimarrhis parviflora,Least Concern,24.71884057279946,266.454347826087
Oleaceae,Chionanthus panamensis,Least Concern,22.381343325572228,232.77487562189054
Rubiaceae,Chione venosa,Least Concern,23.45081454637953,219.98796992481203
Rubiaceae,Chomelia microloba,Least Concern,25.83306155515754,237.4891304347826
Rubiaceae,Chomelia recordii,Least Concern,25.562164756073347,215.8448275862069
Rubiaceae,Chomelia spinosa,Least Concern,26.06368079817127,158.78203040173725
Rubiaceae,Chomelia tenuiflora,Least Concern,24.307591967169785,207.30041518386713
Rubiaceae,Chomelia venulosa,Least Concern,23.340494816501934,269.35546875
Sapotaceae,Chromolucuma congestifolia,Least Concern,21.98407964326849,269.2910447761194
Clusiaceae,Chrysochlamys allenii,Least Concern,18.107675431067484,242.87938596491227
Clusiaceae,Chrysochlamys glauca,Least Concern,22.953619907344628,255.93024132730014
Clusiaceae,Chrysochlamys skutchii,Near Threatened,23.992467941381992,257.01121794871796
Sapotaceae,Chrysophyllum argenteum,Least Concern,24.940707595655272,196.7395566922421
Sapotaceae,Chrysophyllum brenesii,Least Concern,23.154509373729535,211.80050505050505
Sapotaceae,Chrysophyllum colombianum,Least Concern,24.707094638197272,244.63288288288288
Sapotaceae,Chrysophyllum hirsutum,Least Concern,22.177555571662054,255.1688888888889
Sapotaceae,Chrysophyllum venezuelanense,Least Concern,24.54428103413123,235.6435574229692
Rubiaceae,Cinchona pubescens,Least Concern,17.266527784049,147.39700854700854
Verbenaceae,Citharexylum costaricense,Least Concern,21.469886388742562,232.60700757575756
Moraceae,Clarisia biflora,Least Concern,23.177848638455615,199.24773242630386
Moraceae,Clarisia racemosa,Least Concern,24.62330136486857,192.32274180655475
Euphorbiaceae,Cleidion castaneifolium,Least Concern,24.308176116623468,207.62840670859538
Clethraceae,Clethra consimilis,Near Threatened,17.451190468810854,240.1279761904762
Clethraceae,Clethra costaricensis,,,
Clethraceae,Clethra gelida,Least Concern,10.982211560775072,183.98076923076923
Clethraceae,Clethra hondurensis,Least Concern,22.424841282102797,208.22857142857143
Clethraceae,Clethra lanata,,,
Clethraceae,Clethra pyrogena,Near Threatened,17.818229148785274,248.42708333333334
Pentaphylaceae,Cleyera theaeoides,,,
Clusiaceae,Clusia multiflora,Least Concern,16.675621741706475,171.45136381869233
Clusiaceae,Clusia rosea,Least Concern,23.10293649517039,151.82142857142858
Polygonaceae,Coccoloba acuminata,Least Concern,25.807023066894562,189.3820754716981
Polygonaceae,Coccoloba caracasana,Least Concern - to be submitted,,
Polygonaceae,Coccoloba floribunda,Least Concern,26.104120179475313,130.64374225526643
Polygonaceae,Coccoloba guanacastensis,Near Threatened,26.205701794540673,167.05701754385964
Polygonaceae,Coccoloba liportizii,Near Threatened,21.0132051663521,243.45128205128205
Polygonaceae,Coccoloba mollis,Least Concern,24.028208457456735,145.26675321463898
Polygonaceae,Coccoloba porphyrostachys,Near Threatened,21.63848487102624,262.4409090909091
Polygonaceae,Coccoloba tuerckheimii,Least Concern,24.135714307464752,244.18671679197996
Bixaceae,Cochlospermum vitifolium,Least Concern,25.222146677948718,123.92549976754998
Fabaceae,Cojoba arborea,Least Concern,22.70560028845069,167.5754026354319
Fabaceae,Cojoba catenata,Least Concern,24.120561598003775,264.3605072463768
Fabaceae,Cojoba costaricensis,Near Threatened,18.832232761682953,244.3317610062893
Fabaceae,Cojoba membranacea,,,
Rhamnaceae,Colubrina spinosa,Least Concern,24.69443493564379,279.17494292237444
Rhamnaceae,Colubrina triflora,Least Concern,22.5290137554892,74.49273700305811
Myristicaceae,Compsoneura excelsa,Least Concern,24.614688236364643,251.08213429256594
Myristicaceae,Compsoneura mexicana,Least Concern,25.266584569401733,263.61371100164206
Euphorbiaceae,Conceveiba pleiostemona,Least Concern,24.6588353718141,288.98493975903614
Rutaceae,Conchocarpus guyanensis,Least Concern,25.643431334402045,227.47549019607843
Rubiaceae,Condaminea corymbosa,Least Concern,21.460497560817448,180.1231796116505
Fabaceae,Copaifera camibar,Endangered,25.777623441484238,274.00154320987656
Cordiaceae,Cordia alliodora,Least Concern,,
Cordiaceae,Cordia bicolor,Least Concern,25.26578254714059,200.59819413092552
Cordiaceae,Cordia collococca,Least Concern,,
Cordiaceae,Cordia croatii,Least Concern,20.69259263674418,239.2574074074074
Cordiaceae,Cordia cymosa,Least Concern,22.667847771031337,255.86745406824147
Cordiaceae,Cordia dentata,,,
Cordiaceae,Cordia dwyeri,Least Concern,24.526014930672115,275.08012820512823
Cordiaceae,Cordia eriostigma,Least Concern,22.667965388401246,200.02597402597402
Cordiaceae,Cordia gerascanthus,Least Concern,25.589925374557723,105.33115671641791
Cordiaceae,Cordia lucidula,Least Concern,23.791715675241807,263.23627450980393
Cordiaceae,Cordia megalantha,Vulnerable,24.934848471121356,227.28787878787878
Cordiaceae,Cordia panamensis,,,
Chrysobalanaceae,Cordillera platycalyx,Least Concern,18.082575785993324,190.16161616161617
Cornaceae,Cornus disciflora,Least Concern,16.675692818273905,115.62915032679739
Lamiaceae,Cornutia pyramidata,Least Concern,23.46531773706992,157.9509892086331
Chrysobalanaceae,Couepia polyandra,Least Concern,24.770021983630325,147.4595709570957
Apocynaceae,Couma macrocarpa,Least Concern,25.791277791923946,229.32444444444445
Lecythidaceae,Couratari guianensis,Least Concern,25.677149229676186,230.25608272506082
Lecythidaceae,Couratari scottmorii,Endangered,25.434294862624927,251.4471153846154
Fabaceae,Coursetia elliptica,Least Concern,25.261890260184682,142.3810975609756
Urticaceae,Coussapoa parviceps,Least Concern,21.478537200452042,249.2158273381295
Urticaceae,Coussapoa villosa,Least Concern,23.984589043545398,212.20462328767124
Rubiaceae,Coussarea impetiolaris,Least Concern,24.91197913601285,275.00669642857144
Rubiaceae,Coutarea hexandra,Least Concern,23.570090247993722,122.32244283995186
Capparaceae,Crateva tapia,Least Concern,25.448727813924247,133.6282812729139
Bignoniaceae,Crescentia alata,Least Concern,25.030880288772476,93.82080723729993
Celastraceae,Crossopetalum parviflorum,Least Concern,24.489136488324753,211.95786908077994
Euphorbiaceae,Croton billbergianus,Least Concern,25.058897943677618,225.2289972899729
Euphorbiaceae,Croton draco,Least Concern,21.624235103671676,159.3839573268921
Euphorbiaceae,Croton mexicanus,,,
Euphorbiaceae,Croton niveus,Least Concern,24.574288311335366,110.6462215320911
Euphorbiaceae,Croton schiedeanus,Least Concern,24.795229678089402,217.52024440518258
Euphorbiaceae,Croton skutchii,,,
Euphorbiaceae,Croton smithianus,Least Concern,23.07971380535601,220.51767676767676
Euphorbiaceae,Croton tenuicaudatus,Least Concern,22.97196966229063,261.45454545454544
Arecaceae,Cryosophila warscewiczii,Least Concern,25.143119623722175,250.3679487179487
Sapindaceae,Cupania cinerea,Least Concern,24.571967599127028,195.8976851851852
Sapindaceae,Cupania dentata,update to add Costa Rica? (LC),,
Sapindaceae,Cupania glabra,Least Concern,23.45761792399767,161.01740139211137
Sapindaceae,Cupania guatemalensis,Least Concern,23.67687745088017,174.28557312252966
Sapindaceae,Cupania hirsuta,Least Concern,25.718548395300424,212.2728494623656
Sapindaceae,Cupania juglandifolia,Least Concern,23.665120318173543,218.3848797250859
Sapindaceae,Cupania livida,Least Concern,24.218928557918186,266.49880952380954
Sapindaceae,Cupania pseudostipularis,,,
Sapindaceae,Cupania rufescens,Least Concern,24.807555540579337,217.85703703703703
Sapindaceae,Cupania scrobiculata,,,
Cupressaceae,Cupressus lusitanica,,,
Annonaceae,Cymbopetalum costaricense,Least Concern,24.340976352522357,272.02564102564105
Fabaceae,Cynometra bauhiniifolia,Least Concern,26.407137170362702,182.0681818181818
Fabaceae,Cynometra hemitomophylla,Least Concern,25.629651176837065,256.5019379844961
Fabaceae,Cynometra retusa,Least Concern,25.42975488083035,215.16127450980392
Capparaceae,Cynophalla amplissima,,,
Fabaceae,Dalbergia retusa,Critically Endangered,,
Lauraceae,Damburneya cufodontisii,Least Concern,15.249421297951981,213.34201388888889
Lauraceae,Damburneya martinicensis,Least Concern,24.184420290447417,185.23033126293996
Lauraceae,Damburneya purpurea,Least Concern,23.237606076760727,194.00545454545454
Lauraceae,Damburneya salicina,Least Concern,20.57160258170886,199.37692307692308
Lauraceae,Damburneya smithii,Near Threatened,19.022820526514298,222.59230769230768
Lauraceae,Damburneya umbrosa,Least Concern,24.829277641067012,257.65456012913637
Thymelaeaceae,Daphnopsis americana,Least Concern,23.1459819038401,140.21201550387596
Thymelaeaceae,Daphnopsis costaricensis,,,
Fabaceae,Delonix regia,,,
Metteniusaceae,Dendrobangia boliviana,Least Concern,25.093400466095414,234.41191275167785
Araliaceae,Dendropanax arboreus,Least Concern,23.505894632593193,197.4298382889932
Araliaceae,Dendropanax caucanus,Least Concern,23.87223557440134,252.82051282051282
Araliaceae,Dendropanax globosus,Least Concern,20.640213181806164,266.3323643410853
Araliaceae,Dendropanax gonatopodus,Least Concern,21.256132052379584,231.8679245283019
Araliaceae,Dendropanax querceti,Least Concern,17.742650453139234,224.37152777777777
Annonaceae,Desmopsis schippii,Least Concern,24.00066964399247,218.05729166666666
Fabaceae,Dialium guianense,Least Concern,25.4421701606718,204.77717531629227
Dichapetalaceae,Dichapetalum axillare,Least Concern,23.760329830977653,274.8255208333333
Dichapetalaceae,Dichapetalum brenesii,Least Concern,18.44783952795429,245.380658436214
Dichapetalaceae,Dichapetalum donnell-smithii,Least Concern,23.316705587125643,166.5506230529595
Araliaceae,Didymopanax morototoni,Least Concern,24.29194510291281,173.1609984089101
Sapindaceae,Dilodendron costaricense,Least Concern,25.434591188370806,205
Sapindaceae,Dilodendron elegans,Near Threatened,23.835144886072133,183.6503623188406
Ebenaceae,Diospyros acapulcensis,,,
Ebenaceae,Diospyros juruensis,Least Concern,22.997982494454636,223.80438596491229
Ebenaceae,Diospyros nigra,Least Concern,23.802692955484623,155.3354537743851
Fabaceae,Diphysa americana,Least Concern,23.992307687972808,153.7948717948718
Fabaceae,Dipteryx panamensis,,,
Stemonuraceae,Discophora guianensis,Least Concern,24.976743342850494,225.6330365974283
Winteraceae,Drimys granadensis,Least Concern,13.948118272078364,155.07034050179212
Putrajivaceae,Drypetes brownii,Least Concern,24.051906793130993,215.2012711864407
Putrajivaceae,Drypetes standleyi,Least Concern,25.00134801981496,240.71936274509804
Annonaceae,Duguetia confusa,Least Concern,25.1334498856729,242.98951048951048
Annonaceae,Duguetia panamensis,Least Concern,24.881737587299753,260.3599290780142
Rubiaceae,Duroia costaricensis,Least Concern,25.5719924558673,263.8220551378446
Fabaceae,Dussia macroprophyllata,Least Concern,,
Clusiaceae,Dystovomita paniculata,Least Concern,23.225419457860173,271.7623042505593
Ehretiaceae,Ehretia latifolia,Least Concern,18.641430262978194,125.7482269503546
Rubiaceae,Elaeagia auriculata,Least Concern,19.72522523274293,259.71283783783787
Rubiaceae,Elaeagia glossostipula,Vulnerable,19.53791667620341,254.64166666666668
Rubiaceae,Elaeagia karstenii,Least Concern,19.602591066467326,171.7892156862745
Rubiaceae,Elaeagia myriantha,Least Concern,19.30442175843548,170.60714285714286
Sapotaceae,Elaeoluma glabrescens,Least Concern,26.070135384445063,225.34940778341794
Ochnaceae,Elvasia elvasioides,Least Concern,26.0119791328907,213.42881944444446
Lauraceae,Endlicheria formosa,Least Concern,24.104470506724383,210.61024305555554
Fabaceae,Enterolobium cyclocarpum,Least Concern,24.895428345819614,125.90739740820734
Passifloraceae,Erblichia odorata,Least Concern,24.10855357727465,195.83590308370043
Fabaceae,Erythrina berteroana,,23.901815989981554,173.88075060532688
Fabaceae,Erythrina costaricensis,Least Concern,24.5337546804871,230.0697565543071
Fabaceae,Erythrina lanceolata,Least Concern,20.789903838665058,178.5488782051282
Fabaceae,Erythrina poeppigiana,,,
Fabaceae,Erythrina steyermarkii,Least Concern,23.25102564249283,203.2294871794872
Erythroxyllaceae,Erythroxylum fimbriatum,Least Concern,24.835845614180844,225.4424019607843
Erythroxyllaceae,Erythroxylum havanense,Least Concern,25.618392661680037,123.59681769147788
Erythroxyllaceae,Erythroxylum macrophyllum,Least Concern,24.586027642520957,212.4649439102564
Escalloniaceae,Escallonia myrtilloides,,,
Lecythidaceae,Eschweilera calyculata,Least Concern,26.092844254728675,257.06340579710144
Lecythidaceae,Eschweilera collinsii,Near Threatened,25.63458780575824,267.52240143369175
Lecythidaceae,Eschweilera costaricensis,Near Threatened,25.833854185210335,299.27777777777777
Lecythidaceae,Eschweilera integrifolia,Least Concern,24.611501121085528,271.5202625570776
Rutaceae,Esenbeckia pentaphylla,Least Concern,25.259641482386478,146.5673449612403
Myrtaceae,Eugenia acapulcensis,Least Concern,24.187173620942783,149.94495213228896
Myrtaceae,Eugenia basilaris,Vulnerable,23.019444439146255,259.47222222222223
Myrtaceae,Eugenia cartagensis,Data Deficient,18.501831495718204,217.6584249084249
Myrtaceae,Eugenia chavarriae,Endangered,26.61354164282481,143.53645833333334
Myrtaceae,Eugenia costaricensis,Least Concern,20.540728251855295,194.37424924924926
Myrtaceae,Eugenia galalonensis,Least Concern,23.946852824366683,176.3125
Myrtaceae,Eugenia glandulosopunctata,Near Threatened,22.098809484451536,292.984126984127
Myrtaceae,Eugenia hammelii,Vulnerable,25.34208327929179,276.1458333333333
Myrtaceae,Eugenia hartshornii,Vulnerable,23.900297590664454,292.2470238095238
Myrtaceae,Eugenia hiraeifolia,Least Concern,24.999346368712796,163.68572984749454
Myrtaceae,Eugenia monteverdensis,Near Threatened,19.05476190930321,231.73214285714286
Myrtaceae,Eugenia monticola,Least Concern,23.49603773662879,157.52044025157232
Myrtaceae,Eugenia oerstediana,Least Concern,24.26400923935545,185.69916233391103
Myrtaceae,Eugenia sarapiquensis,Vulnerable,24.731944463871145,294.7453703703704
Myrtaceae,Eugenia siggersii,Least Concern,21.756144097969358,247.25564971751413
Myrtaceae,Eugenia truncata,Near Threatened,21.857704432505482,193.8820754716981
Arecaceae,Euterpe oleracea,,,
Arecaceae,Euterpe precatoria,Least Concern,24.471087282810828,215.49115876598947
Rubiaceae,Exostema caribaeum,Least Concern,25.346522879992293,95.75088028169014
Sapindaceae,Exothea paniculata,,,
Fabaceae,Fairchildia panamensis,,,
Rubiaceae,Faramea multiflora,Least Concern,22.705905070455746,190.33940397350995
Rubiaceae,Faramea occidentalis,,,
Rubiaceae,Faramea parvibractea,Least Concern,25.095947494245554,281.5730593607306
Rubiaceae,Ferdinandusa panamensis,Least Concern,25.36655246939289,308.6335616438356
Moraceae,Ficus americana,Least Concern,22.781894979016965,194.83424657534246
Moraceae,Ficus aurea,Least Concern,22.396588097435075,156.25113730355665
Moraceae,Ficus brevibracteata,Least Concern,22.205173756838974,263.63546603475515
Moraceae,Ficus caldasiana,Least Concern,20.071940947182572,212.41033755274262
Moraceae,Ficus colubrinae,Least Concern,23.994991292659968,240.6572299651568
Moraceae,Ficus costaricana,Least Concern,23.362943249109506,202.2287234042553
Moraceae,Ficus crassiuscula,Least Concern,21.146511625565918,210.6815245478036
Moraceae,Ficus crassivenosa,,,
Moraceae,Ficus crocata,Least Concern,24.26677953847106,142.96896162528216
Moraceae,Ficus donnell-smithii,Least Concern,25.451018525935986,222.7324074074074
Moraceae,Ficus hartwegii,,,
Moraceae,Ficus insipida,,,
Moraceae,Ficus macbridei,Least Concern,21.645991156799624,234.89709595959596
Moraceae,Ficus maxima,Least Concern,24.557513424867317,180.16978327579594
Moraceae,Ficus nymphaeifolia,Least Concern,25.169750250078486,207.07517838939856
Moraceae,Ficus obtusifolia,Least Concern,23.976046240814675,152.98887913374304
Moraceae,Ficus pertusa,Least Concern,23.375599350781965,148.18614568925773
Moraceae,Ficus tonduzii,Least Concern,22.007842527820532,198.25869120654397
Moraceae,Ficus trachelosyce,Near Threatened,23.665277832084232,202.32986111111111
Moraceae,Ficus tuerckheimii,,,
Moraceae,Ficus velutina,Least Concern,19.978283894179903,123.5667372881356
Moraceae,Ficus yoponensis,Least Concern,23.835753817446168,202.7994467496542
Rhamnaceae,Frangula capreifolia,Least Concern,18.3144160530863,128.6359489051095
Rhamnaceae,Frangula oreodendron,Least Concern,12.427250015735627,213.2425
Rhamnaceae,Frangula pendula,Least Concern,18.826492569932892,232.41666666666666
Pentaphylaceae,Freziera grisebachii,TO BE ASSESSED,,
Clusiaceae,Garcinia intermedia,Least Concern,23.739550530519384,197.3986220472441
Clusiaceae,Garcinia macrophylla,,,
Clusiaceae,Garcinia madruno,Least Concern,24.86998226072075,199.56087824351297
Clusiaceae,Garcinia magnifolia,Least Concern,24.820792083299594,311.19884488448844
Rubiaceae,Genipa americana,Least Concern,25.008556867454857,168.39997920565605
Chrysobalanaceae,Geobalanus riverae,Vulnerable,22.303993066151936,174.56076388888889
Arecaceae,Geonoma edulis,,,
Arecaceae,Geonoma interrupta,Least Concern,23.88871896351483,222.27216312056737
Euphorbiaceae,Gitara nicaraguensis,Least Concern,24.732964333279693,221.39544895448955
Fabaceae,Gliricidia sepium,Least Concern,24.652987203760812,125.3092697961119
Violaceae,Gloeospermum boreale,Least Concern,25.599549534084563,276.9099099099099
Lamiaceae,Gmelina arborea,,,
Bignoniaceae,Godmania aesculifolia,Least Concern,25.17012409521333,143.95159574468084
Malvaceae,Goethalsia meiantha,Least Concern,25.47329190157462,260.17287784679087
Theaceae,Gordonia brenesii,Least Concern,22.38122896714644,211.79040404040404
Melastomataceae,Graffenrieda galeottii,Least Concern,23.06271185780649,248.57944915254237
Proteaceae,Grevillea robusta,,,
Lecythidaceae,Grias cauliflora,Least Concern,25.455145407043048,254.20917225950782
Nyctaginaceae,Guapira costaricana,Least Concern,24.38968427800922,207.06057268722466
Meliaceae,Guarea bullata,Least Concern,24.830327471679954,274.90102639296185
Meliaceae,Guarea chiricana,Least Concern,24.404166674373126,257.68308080808083
Meliaceae,Guarea excelsa,,,
Meliaceae,Guarea gentryi,Least Concern,24.662429348897124,291.2994350282486
Meliaceae,Guarea guidonia,Least Concern,23.678920808200015,155.85507246376812
Meliaceae,Guarea hoffmanniana,Least Concern,24.088293648270703,269.18187830687833
Meliaceae,Guarea kegelii,,,
Meliaceae,Guarea kunthiana,Least Concern,22.619424459230984,177.37448441247003
Meliaceae,Guarea microcarpa,,,
Meliaceae,Guarea pterorhachis,Least Concern,24.635281932887747,233.95315091210614
Meliaceae,Guarea pyriformis,Near Threatened,25.02419348173244,273.21774193548384
Meliaceae,Guarea rhopalocarpa,Least Concern,22.979819637032882,278.3812189054726
Meliaceae,Guarea talamancana,Critically Endangered,26.108333587646484,270.8333333333333
Meliaceae,Guarea tonduzii,Least Concern,23.336324797736275,223.97008547008548
Annonaceae,Guatteria aeruginosa,Least Concern,24.795698907640244,287.410394265233
Annonaceae,Guatteria amplifolia,Least Concern,24.65601266754998,248.00087904360058
Annonaceae,Guatteria chiriquiensis,Least Concern,24.61121790837019,250.81089743589743
Annonaceae,Guatteria costaricensis,Least Concern,20.86716669400533,256.325
Annonaceae,Guatteria dolichopoda,Least Concern,21.9548209399888,224.7582644628099
Annonaceae,Guatteria lucens,Least Concern,25.47645834684372,242.86458333333334
Annonaceae,Guatteria oliviformis,Least Concern,18.142328044094107,244.92328042328043
Annonaceae,Guatteria talamancana,Endangered,16.77142854720827,217.17460317460316
Annonaceae,Guatteria tenera,Data Deficient,,
Annonaceae,Guatteria ucayalina,Least Concern,24.247271381882673,225.26794493608654
Annonaceae,Guatteria verrucosa,Least Concern,19.741666659160895,238.18287037037038
Malvaceae,Guazuma invira,,,
Malvaceae,Guazuma ulmifolia,Least Concern,24.798867741788644,122.4560688405797
Rubiaceae,Guettarda foliacea,Least Concern,24.69344510683199,242.2586382113821
Rubiaceae,Guettarda macrosperma,Least Concern,23.937895113366775,161.1264367816092
Rubiaceae,Guettarda sanblasensis,Least Concern,24.677747220783445,228.48626373626374
Lecythidaceae,Gustavia brachycarpa,Near Threatened,25.128735586144458,247.94971264367817
Celastraceae,Gyminda tonduzii,Least Concern,19.06325582903485,169.6918604651163
Euphorbiaceae,Gymnanthes riparia,Least Concern,22.041922108880403,195.30459770114942
Hernandiaceae,Gyrocarpus jatrophifolius,Least Concern,24.105654760840395,100.44977678571429
Fabaceae,Haematoxylum brasiletto,Least Concern,24.826208453103973,82.75037764350454
Rubiaceae,Hamelia axillaris,,,
Malvaceae,Hampea appendiculata,Least Concern,22.80606668281555,250.45555555555555
Malvaceae,Hampea platanifolia,Least Concern,24.55348259062316,215.8097014925373
Bignoniaceae,Handroanthus chrysanthus,Vulnerable,24.366583679527604,141.87671882408725
Bignoniaceae,Handroanthus impetiginosus,Near Threatened,24.01190138445309,100.22629174543164
Bignoniaceae,Handroanthus ochraceus,Least Concern,23.310090462532653,127.40466249130132
Salicaceae,Hasseltia allenii,Least Concern,25.024621219346017,230.42424242424244
Salicaceae,Hasseltia floribunda,Least Concern,24.446187358471303,211.69725853304286
Salicaceae,Hasseltia guatemalensis,Least Concern,20.13873878094527,217.9938063063063
Salicaceae,Hasseltiopsis dioica,Near Threatened,19.981490445442688,174.66506410256412
Onagraceae,Hauya elegans,Least Concern,21.932476625078564,120.19119937694704
Chloranthaceae,Hedyosmum bonplandianum,Least Concern,19.99109814468078,220.52797725912626
Chloranthaceae,Hedyosmum goudotianum,Least Concern,15.404715212675926,183.5343137254902
Chloranthaceae,Hedyosmum scaberrimum,Least Concern,24.12556305303946,290.43355855855856
Olacaceae,Heisteria acuminata,Least Concern,24.77327478639953,224.02289836888332
Olacaceae,Heisteria concinna,Least Concern,25.007342323526604,241.23063063063063
Olacaceae,Heisteria macrophylla,Least Concern - submitted,,
Moraceae,Helicostylis tovarensis,Least Concern,19.816856610376423,178.1589412360689
Malvaceae,Heliocarpus americanus,Least Concern,21.462771297363552,152.9514468558709
Malvaceae,Heliocarpus appendiculatus,Least Concern,22.947153467156312,193.496699669967
Melastomataceae,Henriettea fascicularis,Least Concern,24.944273505659186,213.3982905982906
Melastomataceae,Henriettea succosa,Least Concern,24.666743399103115,180.73925721301413
Melastomataceae,Henriettella odorata,,,
Melastomataceae,Henriettella tuberculosa,,,
Hernandiaceae,Hernandia didymantha,Least Concern,24.489115644744736,272.8718820861678
Hernandiaceae,Hernandia stenura,Least Concern,23.411964279129393,241.10714285714286
Euphorbiaceae,Hevea brasiliensis,,25.67759902406447,177.27227722772278
Euphorbiaceae,Hieronyma alchorneoides,Least Concern,24.115534057186892,206.50709023941067
Euphorbiaceae,Hieronyma oblonga,Least Concern,21.534419403220493,219.31049533089728
Rubiaceae,Hippotis panamensis,Least Concern,24.491825402729095,280.8198412698413
Chrysobalanaceae,Hirtella americana,Least Concern,25.30266992058183,190.29854368932038
Chrysobalanaceae,Hirtella lemsii,Least Concern,25.21342096161424,277.42280701754385
Chrysobalanaceae,Hirtella media,,,
Chrysobalanaceae,Hirtella racemosa,Least Concern,25.451700836577448,176.60636067101584
Chrysobalanaceae,Hirtella triandra,Least Concern,24.348895351831302,189.17936046511628
Simarubaceae,Homalolepis cedron,Least Concern,25.701093678921108,188.41274369947695
Malvaceae,Huberodendron allenii,Endangered,25.6951389114062,281.1041666666667
Tapisciaceae,Huertea sp.,,,
Humiriaceae,Humiriastrum diguense,Least Concern,24.067559526080178,266.3452380952381
Euphorbiaceae,Hura crepitans,Least Concern,26.209501551690504,156.85280373831776
Fabaceae,Hymenaea courbaril,Least Concern,25.23488219239695,226.17553377668884
Fabaceae,Hymenolobium mesoamericanum,Least Concern,25.23248588971499,254.44632768361583
Chrysobalanaceae,Hymenopus arachicarpus,,,
Chrysobalanaceae,Hymenopus costaricensis,Endangered,24.795833269755047,264.875
Chrysobalanaceae,Hymenopus operculipetalus,Near Threatened,25.112857078370595,226.24761904761905
Menispermaceae,Hyperbaena leptobotryosa,Least Concern,24.38649423437557,269.51005747126436
Menispermaceae,Hyperbaena tonduzii,Least Concern,24.717460292483132,158.76349206349207
Aquifoliaceae,Ilex fortunensis,,,
Aquifoliaceae,Ilex lamprophylla,Least Concern,17.612587422757716,218.77505827505829
Aquifoliaceae,Ilex pallida,Least Concern,14.213649427753756,200.75
Fabaceae,Inga acrocephala,Least Concern,24.366987191713772,232.97115384615384
Fabaceae,Inga acuminata,Least Concern,23.45297617855526,195.29166666666666
Fabaceae,Inga alba,Least Concern,25.102083359824288,201.96666666666667
Fabaceae,Inga barbourii,Least Concern,23.536458363135655,234.78645833333334
Fabaceae,Inga bella,Near Threatened,25.765238085247223,275.48333333333335
Fabaceae,Inga capitata,Least Concern,24.440589075801018,185.07112068965517
Fabaceae,Inga chocoensis,Least Concern,23.76969699606751,237.8409090909091
Fabaceae,Inga ciliata,Least Concern,23.472222198674707,251.60802469135803
Fabaceae,Inga cocleensis,Least Concern,25.02386364069852,236.46212121212122
Fabaceae,Inga coruscans,Least Concern,24.650925936522306,230.08024691358025
Fabaceae,Inga cotobrusensis,,,
Fabaceae,Inga densiflora,Least Concern,22.297463034670198,208.14801747311827
Fabaceae,Inga edulis,,24.439219578233345,197.9160052910053
Fabaceae,Inga herrerae,Endangered,22.1064102099492,188.01282051282053
Fabaceae,Inga jimenezii,Vulnerable,24.365765752019108,239.38513513513513
Fabaceae,Inga jinicuil,,,
Fabaceae,Inga laevigata,,,
Fabaceae,Inga latipes,Vulnerable,21.547916660706203,252.65104166666666
Fabaceae,Inga leonis,Least Concern,21.0180555317137,268.287037037037
Fabaceae,Inga litoralis,Near Threatened,25.4315971687988,252.30092592592592
Fabaceae,Inga longispica,Least Concern,19.058680501249103,256.14930555555554
Fabaceae,Inga marginata,Least Concern,22.012017249178253,163.03398012748406
Fabaceae,Inga micheliana,,17.97843135805691,197.36274509803923
Fabaceae,Inga mortoniana,Least Concern,20.248958339293797,258.1145833333333
Fabaceae,Inga multijuga,Least Concern,25.008148140377468,214.40740740740742
Fabaceae,Inga nobilis,Least Concern,24.269871778977222,205.73076923076923
Fabaceae,Inga oerstediana,Least Concern,21.91306979024512,189.005698005698
Fabaceae,Inga pezizifera,Least Concern,25.271892706553142,216.6497175141243
Fabaceae,Inga polita,Least Concern,,
Fabaceae,Inga punctata,Least Concern,23.42526349223258,192.23851659587856
Fabaceae,Inga ruiziana,Least Concern,23.888437506059805,240.62916666666666
Fabaceae,Inga samanensis,Least Concern,25.048456798365088,240.21296296296296
Fabaceae,Inga sapindoides,Least Concern,23.930090662547457,208.1493491399349
Fabaceae,Inga sertulifera,Least Concern,25.77488095192682,214.99761904761905
Fabaceae,Inga spectabilis,Least Concern,,
Fabaceae,Inga tenuiloba,Endangered,25.221666685740153,245.48333333333335
Fabaceae,Inga thibaudiana,Least Concern,24.711959283163832,190.37277353689566
Fabaceae,Inga tonduzii,Least Concern,21.695833347801468,275.1837606837607
Fabaceae,Inga umbellifera,Least Concern,,
Fabaceae,Inga venusta,Least Concern,23.750775244808935,275.3139534883721
Fabaceae,Inga vera,Least Concern,23.908499780737607,141.14912280701753
Arecaceae,Iriartea deltoidea,Least Concern,,
Rubiaceae,Isertia haenkeana,Least Concern - to be submitted,,
Rubiaceae,Isertia laevis,Least Concern,23.642662677246022,235.14857237715805
Rubiaceae,Ixora floribunda,Least Concern,25.11749996117183,158.16607142857143
Bignoniaceae,Jacaranda caucana,Least Concern,24.664060361100812,201.67798353909464
Bignoniaceae,Jacaranda copaia,Least Concern,25.39571240195708,208.1481970096746
Caricaceae,Jacaratia dolichaula,Least Concern,23.861762156089146,252.75911458333334
Caricaceae,Jacaratia spinosa,Least Concern,24.171269153783843,205.19874476987448
Rhamnaceae,Karwinskia calderonii,Least Concern,24.510662528545467,115.57108350586611
Annonaceae,Klarobelia stipitata,Vulnerable,25.46467397523963,247.08876811594203
Asteraceae,Koanophyllon hylonomum,,,
Rhamnaceae,Krugiodendron ferreum,Least Concern,24.52884132215498,97.35285474391267
Lacistemaceae,Lacistema aggregatum,Least Concern,24.74499019950697,194.85993860322333
Apocynaceae,Lacmellea panamensis,Least Concern,25.478619679827794,252.11422136422135
Apocynaceae,Lacmellea zamorae,Near Threatened,22.077397280087755,241.4851598173516
Ochnaceae,Lacunaria crenata,Least Concern,24.949244232763824,239.24482895783612
Rubiaceae,Ladenbergia brenesii,Least Concern,18.423842628061035,252.74922839506172
Lythraceae,Lafoensia punicifolia,Least Concern,23.884229937686197,174.1587552742616
Theaceae,Laplacea fructicosa,,,
Asteraceae,Lasianthaea fruticosa,Least Concern,22.76064854506822,130.59662576687117
Fabaceae,Lecointea amazonica,Least Concern,25.386426129291966,221.89690721649484
Lecythidaceae,Lecythis ampla,Least Concern,24.80412541128228,267.31188118811883
Lecythidaceae,Lecythis mesophylla,Least Concern,25.544999982913335,240.98645833333333
Chrysobalanaceae,Leptobalanus jefensis,Least Concern,21.610937525828678,265.9166666666667
Fabaceae,Leptolobium panamense,Least Concern,25.529633943165575,180.65459501557632
Chrysobalanaceae,Licania affinis,Least Concern,25.637002428965783,248.10012437810946
Chrysobalanaceae,Licania hypoleuca,Least Concern,25.585013856841556,217.0204435204435
Lauraceae,Licaria brenesii,Endangered,22.10833338101705,286.8833333333333
Lauraceae,Licaria excelsa,Least Concern,22.43608817646983,215.36363636363637
Lauraceae,Licaria misantlae,Least Concern,24.230062715041594,191.64605734767025
Lauraceae,Licaria multinervis,Endangered,22.29791670044263,227.546875
Lauraceae,Licaria nitida,,,
Lauraceae,Licaria sarapiquensis,Near Threatened,24.69696964639606,280.3030303030303
Lauraceae,Licaria triandra,Least Concern,18.867201245421892,109.10896282973621
Verbenaceae,Lippia myriocephala,Least Concern,20.75694444564858,141.39318181818183
Fabaceae,Lonchocarpus acuminatus,Least Concern,23.89005234645091,136.90401396160559
Fabaceae,Lonchocarpus costaricensis,Near Threatened,26.260714272090368,159.4047619047619
Fabaceae,Lonchocarpus felipei,Least Concern,25.86619716295054,160.10915492957747
Fabaceae,Lonchocarpus ferrugineus,Near Threatened,25.04707211846704,285.98873873873873
Fabaceae,Lonchocarpus guatemalensis,Least Concern,25.12695035229468,133.9450354609929
Fabaceae,Lonchocarpus haberi,Endangered,21.020726513658833,210.28418803418802
Fabaceae,Lonchocarpus hedyosmus,Least Concern,25.808166694641113,175.87833333333333
Fabaceae,Lonchocarpus heptaphyllus,Least Concern,25.19126503343084,215.91340361445782
Fabaceae,Lonchocarpus lanceolatus,Least Concern,25.221253500265234,83.6421568627451
Fabaceae,Lonchocarpus macrophyllus,Least Concern,24.868556720694315,233.28608247422682
Fabaceae,Lonchocarpus minimiflorus,Least Concern,24.491968430295074,142.93500464252554
Fabaceae,Lonchocarpus monteviridis,Vulnerable,20.114722225401138,241.04166666666669
Fabaceae,Lonchocarpus oliganthus,Least Concern,23.108430788066187,250.14327485380116
Fabaceae,Lonchocarpus parviflorus,Least Concern,25.431420777013393,152.37568306010928
Fabaceae,Lonchocarpus phaseolifolius,Least Concern,25.824741191745545,139.05848861283644
Fabaceae,Lonchocarpus retifer,Least Concern,23.403954815729865,144.01694915254237
Fabaceae,Lonchocarpus rugosus,Least Concern,24.89479345120853,126.48443775100402
Fabaceae,Lonchocarpus salvadorensis,Least Concern,23.588141002104834,164.57628205128205
Fabaceae,Lonchocarpus schiedeanus,Least Concern - submitted,,
Fabaceae,Lonchocarpus sericeus,Least Concern,26.38737947421954,101.83879993112947
Lacistemaceae,Lozania mutisiana,Least Concern,19.49257991499008,224.70159817351598
Lacistemaceae,Lozania pittieri,Least Concern,24.55895719128709,264.87076648841355
Malvaceae,Luehea candida,Least Concern,25.067139700285384,112.49605802585936
Malvaceae,Luehea seemannii,Least Concern,25.586999145106994,219.8339727195226
Malvaceae,Luehea speciosa,Least Concern,25.177162286607356,146.88475866537092
Salicaceae,Lunania mexicana,Least Concern,22.80653639152472,221.74191374663073
Fabaceae,Lysiloma auritum,Least Concern,21.886363619364094,125.76693404634581
Fabaceae,Lysiloma divaricatum,Least Concern,23.647953344893963,87.76915353722583
Euphorbiaceae,Mabea excelsa,Least Concern,24.505937478939693,189.31666666666666
Euphorbiaceae,Mabea montana,Least Concern,25.467824110278375,172.06655092592592
Euphorbiaceae,Mabea occidentalis,Least Concern,25.304661633386466,232.28671706263498
Fabaceae,Machaerium biovulatum,Least Concern,24.600909841464905,154.01736972704714
Moraceae,Maclura tinctoria,Least Concern,,
Rubiaceae,Macrocnemum roseum,Least Concern,23.9585637320205,195.2513440860215
Salicaceae,Macrohasseltia macroterantha,Least Concern,21.028654990837587,235.7733918128655
Fabaceae,Macrolobium costaricense,Least Concern,24.744713279081502,269.8216845878136
Fabaceae,Macrolobium hartshornii,Vulnerable,24.29772728139704,293.81060606060606
Magnoliaceae,Magnolia costaricensis,Vulnerable,,
Magnoliaceae,Magnolia gloriensis,Data Deficient,,
Magnoliaceae,Magnolia poasana,Near Threatened,,
Magnoliaceae,Magnolia sororum,Near Threatened,,
Apocynaceae,Malouetia guatemalensis,Least Concern,26.197764224153225,235.48221544715446
Malpighiaceae,Malpighia albiflora,Least Concern,23.839765104671454,251.37052572706935
Arecaceae,Manicaria saccifera,Least Concern - submitted,,
Sapotaceae,Manilkara chicle,Least Concern,24.800328070097397,167.3208661417323
Sapotaceae,Manilkara staminodella,Least Concern,25.058040942364965,252.65204678362574
Sapotaceae,Manilkara zapota,,,
Moraceae,Maquira guianensis,Least Concern,24.875686462392906,240.50798212005108
Chrysobalanaceae,Maranthes panamensis,Least Concern,25.101608178768938,268.1703216374269
Phyllanthaceae,Margaritaria nobilis,Least Concern,24.188824284477136,146.10090439276485
Calophyllaceae,Marila laxiflora,Least Concern,24.346601646279048,232.30644208037825
Calophyllaceae,Marila pluricostata,,,
Fabaceae,Mariosousa centralis,Least Concern,25.17887096507575,125.2731182795699
Fabaceae,MarlimorimiaÂ psilostachya,,,
Sapindaceae,Matayba ingifolia,Least Concern,24.17481881984766,272.42391304347825
Sapindaceae,Matayba oppositifolia,Least Concern,23.166596341233717,177.03691983122363
Malvaceae,Matisia cordata,,,
Malvaceae,Matisia obliquifolia,Least Concern,24.09364163898549,275.383429672447
Malvaceae,Matisia ochrocalyx,Least Concern,25.557936524903333,231.16166960611406
Malvaceae,Matisia pacifica,Vulnerable,24.73124998807907,289.8229166666667
Hamamelidaceae,Matudaea trinervia,Least Concern,18.87133334716161,146.04708333333335
Anacardiaceae,Mauria heterophylla,Least Concern,19.350750571952773,165.99538106235565
Achariaceae,Mayna odorata,Least Concern,25.03757396675426,224.90009861932938
Celastraceae,Maytenus guyanensis,Least Concern,25.88076921686148,194.04727564102564
Celastraceae,Maytenus segoviarum,,,
Sabiaceae,Meliosma allenii,Least Concern,24.00951087820357,242.21376811594203
Sabiaceae,Meliosma brenesii,Least Concern,22.363706117136438,261.280701754386
Sabiaceae,Meliosma donnellsmithii,Least Concern,24.811004240288693,286.0352564102564
Sabiaceae,Meliosma glabrata,Least Concern,22.271905789395426,242.44444444444446
Sabiaceae,Meliosma grandiflora,Least Concern,23.280465931020757,244.4247311827957
Sabiaceae,Meliosma idiopoda,Least Concern,19.865412489892115,226.19899665551839
Sabiaceae,Meliosma isthmensis,Vulnerable,24.605769218542637,257.09615384615387
Sabiaceae,Meliosma occidentalis,Least Concern,22.630128213019916,226.33333333333334
Sabiaceae,Meliosma vernicosa,Near Threatened,18.15879628834901,254.5354938271605
Melastomataceae,Meriania phlomoides,Least Concern,17.195253151881545,226.2737341772152
Lauraceae,Mespilodaphne macrophylla,,,
Lauraceae,Mespilodaphne veraguensis,,,
Metteniusaceae,Metteniusa tessmanniana,Least Concern,22.1409136708003,256.0878514056225
Melastomataceae,Miconia affinis,Least Concern,24.44923477422658,217.6252102253616
Melastomataceae,Miconia ampla,Least Concern,25.26176045776962,216.42027417027418
Melastomataceae,Miconia argentea,Least Concern,24.856625148010743,196.2860791826309
Melastomataceae,Miconia bigibbosa,Near Threatened,20.222644985585973,247.92210144927537
Melastomataceae,Miconia biperulifera,Least Concern,13.407420077824701,205.70091324200914
Melastomataceae,Miconia brenesii,Least Concern,20.815896733083587,252.84103260869566
Melastomataceae,Miconia brevitheca,Least Concern,18.841076707769634,184.93362831858408
Melastomataceae,Miconia caudata,Least Concern,19.60555555794511,187.43055555555554
Melastomataceae,Miconia conomacrantha,,,
Melastomataceae,Miconia conomicrantha,,,
Melastomataceae,Miconia conorufescens,,,
Melastomataceae,Miconia conosetifera,Least Concern,22.08058105112945,282.1330275229358
Melastomataceae,Miconia cooperi,,,
Melastomataceae,Miconia donaeana,,,
Melastomataceae,Miconia durandii,,,
Melastomataceae,Miconia elata,Least Concern,24.733878290295927,233.72774750227066
Melastomataceae,Miconia hondurensis,Least Concern,25.215503861183343,223.3298449612403
Melastomataceae,Miconia lasiopoda,,,
Melastomataceae,Miconia ligulata,,,
Melastomataceae,Miconia lonchophylla,Least Concern,20.35876909683992,196.26851851851853
Melastomataceae,Miconia longifolia,Least Concern,24.922851571192343,212.15104166666666
Melastomataceae,Miconia minutiflora,Least Concern,23.929116244635917,179.86926374180536
Melastomataceae,Miconia multispicata,Least Concern,24.407902305410513,225.7485632183908
Melastomataceae,Miconia nutans,Least Concern,20.869607850305396,233.68300653594773
Melastomataceae,Miconia oerstediana,,,
Melastomataceae,Miconia osaensis,Endangered,25.61602560679118,255.77564102564102
Melastomataceae,Miconia pittieri,Least Concern,14.404305562708112,213.21527777777777
Melastomataceae,Miconia poeppigii,Least Concern,25.415205134000534,195.0794871794872
Melastomataceae,Miconia prasina,Least Concern,24.122866728196904,176.59154982662446
Melastomataceae,Miconia punctata,Least Concern,24.454233240141782,219.4050851970181
Melastomataceae,Miconia schnellii,Least Concern,11.107434648703906,208.82107843137254
Melastomataceae,Miconia simplex,Least Concern,25.32397959670242,259.6547619047619
Melastomataceae,Miconia stevensiana,Least Concern,25.29203289856404,270.6501831501831
Melastomataceae,Miconia theizans,,,
Melastomataceae,Miconia tonduzii,Least Concern,16.357035508084167,215.17827868852459
Melastomataceae,Miconia trinervia,Least Concern,23.97811879200456,230.69219308700835
Melastomataceae,Miconia xalapensis,,,
Chrysobalanaceae,Microdesmia arborea,Least Concern,25.327348223803106,142.97880870561283
Sapotaceae,Micropholis crotonoides,Least Concern,23.129219430408398,284.23523206751054
Sapotaceae,Micropholis guyanensis,Least Concern,25.133853027355077,200.54890497401632
Sapotaceae,Micropholis melinoniana,Least Concern,24.45667937269041,242.91666666666666
Sapotaceae,Micropholis venulosa,Least Concern,25.037882773269192,203.34831583552057
Olacaeae,Minquartia guianensis,Least Concern,25.17844574177437,232.69667090754876
Monimiaceae,Mollinedia costaricensis,Least Concern,22.042280132297602,248.43353783231083
Monimiaceae,Mollinedia viridiflora,Least Concern,21.275008762672496,226.5348755695759
Asteraceae,Montanoa guatemalensis,Least Concern,19.501190463185825,197.26623376623377
Chrysobalanaceae,Moquilea belloi,Vulnerable,24.788333365122476,292.24
Chrysobalanaceae,Moquilea kallunkiae,Near Threatened,23.712777837117514,255.89444444444445
Rubiaceae,Morinda citrifolia,,,
Malvaceae,Mortoniodendron anisophyllum,Least Concern,24.36565040605178,251.38177506775068
Anacardiaceae,Mosquitoxylum jamaicense,Least Concern,23.690016490791496,190.43014301430142
Melastomataceae,Mouriri cyphocarpa,Least Concern,25.18815785960147,251.4078947368421
Melastomataceae,Mouriri gleasoniana,Least Concern,24.73186271726456,251.3314479638009
Melastomataceae,Mouriri myrtilloides,Least Concern,25.195290612239464,188.1810224089636
Melastomataceae,Mouriri tuberculata,Near Threatened,25.112037034682285,266.04938271604937
Myrtaceae,Myrcia amazonica,Least Concern,,
Myrtaceae,Myrcia chytraculia,Least Concern,24.382361098130545,225.0851851851852
Myrtaceae,Myrcia paivae,Least Concern,,
Myrtaceae,Myrcia paulii-jonesii,Endangered,,
Myrtaceae,Myrcia splendens,Least Concern,,
Myrtaceae,Myrcianthes fragrans,Least Concern,,
Myrtaceae,Myrciaria floribunda,Least Concern,23.454259632996994,152.19534595447374
Myricaceae,Myrica phanerodonta,,,
Urticaceae,Myriocarpa longipes,Least Concern,23.7660332839701,206.16890213611526
Urticaceae,Myriocarpa obovata,Least Concern,23.29725949396223,174.61409395973155
Fabaceae,Myrospermum frutescens,Least Concern,25.959099609733084,120.41666666666667
Fabaceae,Myroxylon balsamum,Least Concern,24.48033332529522,174.65309523809523
Primulaceae,Myrsine coriacea,Least Concern,18.097039103238334,149.8356358054613
Primulaceae,Myrsine pellucidopunctata,Least Concern,19.389301787357073,212.08502252252254
Moraceae,Naucleopsis capirensis,Least Concern,21.552184444415143,240.46116504854368
Moraceae,Naucleopsis naga,Least Concern,22.466490615421616,262.9366197183099
Moraceae,Naucleopsis ulei,Least Concern,25.31352459725714,233.47480267152397
Lauraceae,Nectandra cissiflora,Least Concern,22.291027230791528,147.95812706270627
Lauraceae,Nectandra hihua,Least Concern,24.234816494775476,166.5402140672783
Lauraceae,Nectandra hypoleuca,Endangered,25.672777647442288,312.61944444444447
Lauraceae,Nectandra lineata,Least Concern,23.897258300629872,189.5829725829726
Lauraceae,Nectandra membranacea,Least Concern,21.234818254855085,168.26108156028369
Lauraceae,Nectandra ramonensis,Near Threatened,21.67403842241336,221.32371794871796
Lauraceae,Nectandra reticulata,Least Concern,21.2340534940178,149.9218106995885
Lauraceae,Nectandra turbacensis,Least Concern,24.65082125087867,156.42149758454107
Nyctaginaceae,Neea amplifolia,Least Concern,24.64404007629,237.9915611814346
Nyctaginaceae,Neea elegans,,,
Nyctaginaceae,Neea psychotrioides,Least Concern,24.690107333891834,172.9955033362344
Sapindaceae,Nephelium lappaceum,,,
Malvaceae,Ochroma pyramidale,Least Concern,24.527805512029673,205.57929148834998
Lauraceae,Ocotea atirrensis,Least Concern,23.197103175032076,261.13425925925924
Lauraceae,Ocotea austinii,Least Concern,15.00515463507872,229.47164948453607
Lauraceae,Ocotea dentata,Least Concern,23.04646465995095,254.43560606060606
Lauraceae,Ocotea endresiana,Least Concern,21.207882905865574,251.51576576576576
Lauraceae,Ocotea floribunda,Least Concern,21.995177247366616,186.80845262440354
Lauraceae,Ocotea fulvescens,Endangered,10.02833333015442,187.3
Lauraceae,Ocotea hartshorniana,Least Concern,24.769848387169116,294.6166666666667
Lauraceae,Ocotea holdridgeana,Vulnerable,16.261111127005684,247.58680555555557
Lauraceae,Ocotea insularis,Least Concern,21.850494018644948,229.77457098283932
Lauraceae,Ocotea laetevirens,Least Concern,22.492378045872943,249.96138211382114
Lauraceae,Ocotea leptobotra,Least Concern,24.07347789909356,190.34888304862022
Lauraceae,Ocotea leucoxylon,Least Concern,23.332229891261836,214.16494252873562
Lauraceae,Ocotea macrophylla,Least Concern,20.710458166254153,167.5335325365206
Lauraceae,Ocotea macropoda,Least Concern,22.308428019285202,224.78787878787878
Lauraceae,Ocotea meziana,Least Concern,21.305718075299094,254.3843085106383
Lauraceae,Ocotea mollifolia,Least Concern,24.200584810379652,278.5906432748538
Lauraceae,Ocotea monteverdensis,Critically Endangered,,
Lauraceae,Ocotea multiflora,Vulnerable,25.703846148955517,278.46153846153845
Lauraceae,Ocotea oblonga,Least Concern,23.980828951448466,200.1198008201523
Lauraceae,Ocotea pentagona,Least Concern,23.632440474061738,256.80580357142856
Lauraceae,Ocotea pharomachrosorum,Endangered,15.881249990728167,237.20833333333334
Lauraceae,Ocotea pittieri,Endangered,15.30555550257365,196.80555555555554
Lauraceae,Ocotea praetermissa,Least Concern,13.867228452632489,204.39138576779027
Lauraceae,Ocotea puberula,Least Concern,20.320579417348252,144.98341071774038
Lauraceae,Ocotea pullifolia,Least Concern,24.31837608060266,252.06196581196582
Lauraceae,Ocotea rivularis,Near Threatened,25.447916634877522,258.475
Lauraceae,Ocotea rufescens,Endangered,20.47361105018192,264.65972222222223
Lauraceae,Ocotea sinuata,Least Concern,21.968204581174728,167.40557939914163
Lauraceae,Ocotea stenoneura,Least Concern,18.615432118192132,254.86265432098764
Lauraceae,Ocotea tenera,Least Concern,21.576963915187083,240.43789808917197
Lauraceae,Ocotea valerioana,Least Concern,18.829305587212243,243.37708333333333
Lauraceae,Ocotea valerioides,Least Concern,23.55465127146521,279.0077519379845
Lauraceae,Ocotea whitei,Least Concern,20.472954550295164,220.8662878787879
Moraceae,Olmedia aspera,Least Concern,23.903442869848053,199.3371152842984
Juglandaceae,Oreomunnea mexicana,Least Concern,18.689885481623293,197.79007633587787
Juglandaceae,Oreomunnea pterocarpa,Near Threatened,22.33843541956272,259.0442176870748
Araliaceae,Oreopanax echinops,,,
Araliaceae,Oreopanax nicaraguensis,,,
Araliaceae,Oreopanax xalapensis,Least Concern,17.48861273865641,138.2192170240416
Fabaceae,Ormosia amazonica,Least Concern,24.745289838832356,220.27083333333334
Fabaceae,Ormosia intermedia,Endangered,25.98583331108093,306.4
Fabaceae,Ormosia subsimplex,,,
Fabaceae,Ormosia velutina,Least Concern,25.320114930470783,233.68103448275863
Myristicaceae,Otoba novogranatensis,Least Concern,23.84648268034448,253.504329004329
Ochnaceae,Ouratea rinconensis,Least Concern,25.609523793061573,261.4970238095238
Ochnaceae,Ouratea valerii,Least Concern,25.38253203416482,250.92307692307693
Annonaceae,Oxandra venezuelana,Least Concern,26.300450466774606,192.84684684684686
Malvaceae,Pachira aquatica,Least Concern,25.243714204260684,188.14756036843414
Malvaceae,Pachira sessilis,Least Concern,25.50398932619298,227.61879432624113
Rubiaceae,Palicourea adusta,,,
Rubiaceae,Palicourea alajuelensis,Least Concern,20.755555586209372,235.7718253968254
Rubiaceae,Palicourea angustiflora,Least Concern,22.309929084270557,263.09751773049646
Rubiaceae,Palicourea beachiana,Near Threatened,24.896120677049133,276.90660919540227
Rubiaceae,Palicourea calidicola,Least Concern,24.88498859209557,284.0987442922374
Rubiaceae,Palicourea chiriquina,,,
Rubiaceae,Palicourea guianensis,Least Concern,24.157407417709443,194.50617283950618
Rubiaceae,Palicourea hoffmannseggiana,Least Concern,24.068792437219788,172.90878596831556
Rubiaceae,Palicourea hondensis,Least Concern,24.59613093510777,283.609268707483
Rubiaceae,Palicourea padifolia,Least Concern,19.497472873365385,187.82470414201183
Rubiaceae,Palicourea psychotrioides,Least Concern,24.41260677525121,290.9647435897436
Rubiaceae,Palicourea tetragona,Least Concern,24.63987873936209,221.64169749280722
Rubiaceae,Palicourea umbelliformis,Least Concern,23.432589323747727,249.79613095238096
Proteaceae,Panopsis costaricensis,Least Concern,19.474735450492336,223.2314814814815
Proteaceae,Parathesis acostensis,Vulnerable,24.512777762942843,257.0805555555556
Primulaceae,Parathesis cartagoana,Endangered,21.940740784009297,280.5833333333333
Primulaceae,Parathesis crassiramea,Vulnerable,19.560344816624433,235.67241379310346
Primulaceae,Parathesis fusca,Least Concern,22.758181819048794,175.7469696969697
Primulaceae,Parathesis glabra,Least Concern,15.800847458974117,221.86228813559322
Primulaceae,Parathesis trichogyne,Least Concern,22.576354146003723,200.47291666666666
Chrysobalanaceae,Parinari excelsa,Least Concern,24.53809103433122,168.73064420803783
Euphorbiaceae,Pausandra trianae,,,
Fabaceae,Peltogyne purpurea,Vulnerable,25.8273148227621,221.5
Fabaceae,Pentaclethra macroloba,Least Concern,25.877280273247713,244.68718905472636
Rubiaceae,Pentagonia costaricensis,Least Concern,23.026696171380777,256.71091445427726
Rubiaceae,Pentagonia donnell-smithii,Least Concern,25.224023436506588,293.833984375
Rubiaceae,Pentagonia macrophylla,Least Concern,24.723462492924043,245.65744157441574
Euphorbiaceae,Pera arborea,Least Concern,24.98488703869606,218.4138418079096
Moraceae,Perebea guianensis,,,
Moraceae,Perebea hispidula,,,
Dipentodontaceae,Perrottetia longistylis,,,
Dipentodontaceae,Perrottetia multiflora,Least Concern,18.240373547734887,237.55100574712642
Dipentodontaceae,Perrottetia sessiliflora,Least Concern,22.180878561596536,248.77067183462532
Lauraceae,Persea albida,Endangered,18.71854837222766,190.6048387096774
Lauraceae,Persea americana,Least Concern,,
Lauraceae,Persea caerulea,Least Concern,20.829796650049225,160.25618921308578
Lauraceae,Persea schiedeana,Endangered,20.46935097643962,169.07852564102564
Lauraceae,Persea silvatica,Vulnerable,24.327083339293797,296.6041666666667
Phyllanthaceae,Phyllanthus skutchii,Near Threatened,24.00645161444141,272.3293010752688
Phyllonomaceae,Phyllonoma ruscifolia,Least Concern,19.685551533596122,220.12649880095924
Picramniaceae,Picramnia antidesma,Least Concern,22.421204610888584,156.74477447744775
Picramniaceae,Picramnia latifolia,Least Concern,24.986929372402226,193.96920757967268
Myrtaceae,Pimenta guatemalensis,Least Concern,23.431737598797955,260.46985815602835
Salicaceae,Piparea dentata,Least Concern,23.363205518712377,136.96139510117146
Asteraceae,Piptocoma discolor,Least Concern,23.17607296996874,229.31562947067238
Fabaceae,Piscidia carthagenensis,Least Concern,25.995385687870098,102.3064738292011
Nyctaginaceae,Pisonia macranthocarpa,Least Concern,24.513971309633565,124.2658259149357
Fabaceae,Pithecellobium dulce,Least Concern,24.727750609407476,94.96862265688672
Fabaceae,Pithecellobium unguis-cati,Least Concern,25.761978108334652,98.41153081510934
Rubiaceae,Pittoniotis trichantha,Least Concern,26.145647545022822,189.13216560509554
Fabaceae,Platymiscium curuense,Near Threatened,25.269940495491028,229.40625
Fabaceae,Platymiscium parviflorum,Critically Endangered,24.566292107328493,146.90262172284645
Salicaceae,Pleuranthodendron lindenii,,,
Lauraceae,Pleurothyrium golfodulcense,Near Threatened,24.762132359486,259.0833333333333
Lauraceae,Pleurothyrium palmanum,Vulnerable,18.727083269755045,244.21666666666667
Lauraceae,Pleurothyrium pauciflorum,Vulnerable,24.99791673819224,281.07916666666665
Myrtaceae,Plinia salticola,Least Concern,20.625625014305115,270.24791666666664
Apocynaceae,Plumeria rubra,Least Concern,23.782952446119662,97.59554767533491
Malvaceae,Pochota fendleri,Least Concern,26.279726035409865,154.1150684931507
Podocarpaceae,Podocarpus costaricensis,Critically Endangered,,
Podocarpaceae,Podocarpus guatemalensis,Least Concern,,
Podocarpaceae,Podocarpus oleifolius,Least Concern,,
Rubiaceae,Pogonopus exsertus,Least Concern,24.2946236471976,193.57204301075268
Rubiaceae,Posoqueria grandiflora,Least Concern,24.915315303716575,269.634009009009
Rubiaceae,Posoqueria grandifructa,Near Threatened,24.241269848334095,295.9312169312169
Rubiaceae,Posoqueria latifolia,Least Concern,24.03512769281874,198.38144717075613
Moraceae,Poulsenia armata,Least Concern,23.993708973727376,206.032640408461
Urticaceae,Pourouma bicolor,Least Concern,24.571479585504132,240.9286065977351
Urticaceae,Pourouma minor,Least Concern,24.579052722935256,215.40690104166666
Sapotaceae,Pouteria amygdalicarpa,Least Concern,24.89615387488634,234.78365384615384
Sapotaceae,Pouteria belizensis,,,
Sapotaceae,Pouteria bracteata,,,
Sapotaceae,Pouteria calistophylla,Least Concern,24.75924242771033,281.8727272727273
Sapotaceae,Pouteria campechiana,Least Concern,24.88839702616325,144.20445859872612
Sapotaceae,Pouteria chiricana,Near Threatened,25.071333255767822,273.2966666666667
Sapotaceae,Pouteria durlandii,Least Concern,24.116604492834355,193.1967247097844
Sapotaceae,Pouteria filipes,Least Concern,25.301020455198223,206.00340136054422
Sapotaceae,Pouteria fossicola,Least Concern,23.433196711409938,241.9153005464481
Sapotaceae,Pouteria glomerata,Least Concern,24.67222221986747,158.75701459034792
Sapotaceae,Pouteria izabalensis,Least Concern,24.71087963272024,233.46296296296296
Sapotaceae,Pouteria juruana,Least Concern - submitted,,
Sapotaceae,Pouteria laevigata,Least Concern,26.10857849650913,228.71977124183007
Sapotaceae,Pouteria lecythidicarpa,Vulnerable,24.922727187474568,264.8030303030303
Sapotaceae,Pouteria reticulata,Least Concern,24.691959903856322,173.80987514188422
Sapotaceae,Pouteria subrotata,Least Concern,25.55396827061971,236.74126984126985
Sapotaceae,Pouteria torta,Least Concern,23.840898519066236,192.62988826815644
Sapotaceae,Pouteria trilocularis,Least Concern,24.670410593782645,218.66666666666666
Sapotaceae,Pouteria viridis,Least Concern,22.871683698122194,219.3656462585034
Sapotaceae,Pradosia grisebachii,Least Concern,25.35912694123687,247.44179894179894
Capparaceae,Preslianthus pittieri,Least Concern,25.136706740679386,242.64061456245824
Arecaceae,Prestoea acuminata,Least Concern,18.4923804375123,161.65685224839402
Fabaceae,Prioria copaifera,Least Concern,26.34190476735433,244.6861111111111
Burseraceae,Protium confusum,Least Concern,24.959688349037204,234.92299006323395
Burseraceae,Protium costaricense,Least Concern,24.217189825881935,253.8355754857997
Burseraceae,Protium glabrum,Least Concern,25.29302287756228,253.07124183006536
Burseraceae,Protium panamense,Least Concern,25.40867424625339,227.45606060606062
Burseraceae,Protium pecuniosum,Near Threatened,25.485416679912145,263.0625
Burseraceae,Protium pittieri,Vulnerable,25.41399028875532,290.86678832116786
Burseraceae,Protium ravenii,Least Concern,25.00222867773485,261.62984496124034
Burseraceae,Protium stevensonii,Least Concern,25.56071067399067,212.14763530601923
Burseraceae,Protium tenuifolium,Least Concern,25.65273807616461,220.3345238095238
Podocarpaceae,Prumnopitys standleyi,Endangered,,
Rosaceae,Prunus annularis,Least Concern,15.744025163680503,221.97720125786162
Rosaceae,Prunus rhamnoides,Least Concern,16.93207188137445,160.34824159021406
Malvaceae,Pseudobombax septenatum,Least Concern,25.226224702514145,162.67438764643236
Moraceae,Pseudolmedia glabrata,Least Concern,22.86977753290404,203.26960784313727
Moraceae,Pseudolmedia mollis,,,
Moraceae,Pseudolmedia spuria,Least Concern,24.04440102633089,207.59147135416666
Fabaceae,Pseudosamanea guachapele,Least Concern,25.04884340896018,152.98279952550416
Myrtaceae,Psidium friedrichsthalianum,Least Concern,23.892333343029023,181.8825
Myrtaceae,Psidium guajava,Least Concern,,
Myrtaceae,Psidium oligospermum,Least Concern - submitted,,
Rubiaceae,Psychotria berteroana,,,
Rubiaceae,Psychotria brachiata,,,
Rubiaceae,Psychotria calophylla,Near Threatened,24.921201009376375,236.46446078431373
Rubiaceae,Psychotria grandis,Least Concern,25.12897727605871,226.1087962962963
Rubiaceae,Psychotria luxurians,,,
Rubiaceae,Psychotria panamensis,Least Concern,22.68538387536889,230.6640438721984
Rubiaceae,Psychotria solitudinum,,,
Rubiaceae,Psychotria sylvivaga,Least Concern,15.779989355435543,224.2287685774947
Fabaceae,Pterocarpus michelianus,Near Threatened,26.200238096146357,160.52380952380952
Fabaceae,Pterocarpus officinalis,Near Threatened,26.00968472019688,256.1783033033033
Capparaceae,Quadrella indica,Least Concern,25.56947565123383,109.14575530586767
Capparaceae,Quadrella isthmensis,Least Concern,25.34960045716534,151.9206621004566
Vochysiaceae,Qualea sp.,,,
Malvaceae,Quararibea asterolepis,Least Concern,24.21279067093704,218.40374677002583
Malvaceae,Quararibea costaricensis,Least Concern,20.09290124653789,251.62860082304528
Malvaceae,Quararibea parvifolia,Near Threatened,24.431794841472918,291.95641025641027
Fagaceae,Quercus corrugata,Least Concern,19.078157341504937,177.14492753623188
Fagaceae,Quercus costaricensis,Vulnerable,11.164567902353076,198.69320987654322
Fagaceae,Quercus insignis,Endangered,20.07882166718728,172.29670912951167
Fagaceae,Quercus oleoides,Near Threatened,23.938543409860436,149.38991596638655
Fagaceae,Quercus sapotifolia,Least Concern,18.684581024295667,148.7952865064695
Celastraceae,Quetzalia occidentalis,Least Concern,17.146007960428022,222.5439121756487
Ochnaceae,Quiina cruegeriana,Least Concern,24.560232419005327,216.63633786848072
Ochnaceae,Quiina macrophylla,Least Concern,25.4927884472741,242.4874465811966
Rubiaceae,Randia armata,Least Concern,24.18248241368021,146.3841564927858
Rubiaceae,Randia gentryi,Least Concern,23.778079720510952,239.04347826086956
Rubiaceae,Randia grandifolia,Least Concern,23.971940639138765,243.91027397260274
Rubiaceae,Randia monantha,Least Concern,24.27578550088601,139.89754098360655
Arecaceae,Raphia taedigera,Least Concern,25.923030295516504,274.91818181818184
Apocynaceae,Rauvolfia aphlebia,Least Concern,20.548412718848578,250.76666666666668
Apocynaceae,Rauvolfia purpurascens,Least Concern,24.819298271547282,276.5842105263158
Rutaceae,Ravenia rosea,Least Concern,25.136189359267927,250.37519561815336
Verbenaceae,Rehdera trinervis,Least Concern,25.433710203697935,128.44346733668343
Lauraceae,Rhodostemonodaphne kunthiana,Least Concern,23.55573690491779,197.15949554896142
Phyllanthaceae,Richeria dressleri,Least Concern,24.95499030656593,259.05862403100775
Violaceae,Rinorea dasyadena,Least Concern,25.134228623274602,255.52444903581267
Violaceae,Rinorea deflexiflora,Least Concern - submitted,,
Violaceae,Rinorea hummelii,Least Concern,24.702844237089792,213.40709728867623
Violaceae,Rinorea squamata,Least Concern,25.37509416141977,230.26789077212806
Violaceae,Rinorea sylvatica,Least Concern,25.8440384491896,226.6801282051282
Fabaceae,RobrichiaÂ schomburgkii,,,
Rubiaceae,Rogiera amoena,Least Concern,18.108996215643305,173.3326231060606
Proteaceae,Roupala montana,Least Concern,20.856044175634423,122.10888554216868
Meliaceae,Ruagea glabra,Least Concern,18.237901351567395,169.98277875072972
Meliaceae,Ruagea insignis,Least Concern,23.121969710696828,205.52272727272728
Rubiaceae,Rudgea reducticalyx,Least Concern,22.97833334273762,278.80625
Rubiaceae,Rudgea trifurcata,Near Threatened,23.14067462512425,274.8412698412698
Polygonaceae,Ruprechtia costaricensis,Vulnerable,26.820833342415945,160.72321428571428
Lepidobotryaceae,Ruptiliocarpon caracolito,Least Concern,24.771019902395373,265.7929104477612
Rubiaceae,Rustia costaricensis,Least Concern,24.05312500728501,251.69270833333334
Rubiaceae,Rustia occidentalis,Least Concern,25.580905113262318,297.8405077262693
Salicaceae,Ryania speciosa,Least Concern,25.64377053226352,239.4391420361248
Humiriaceae,Sacoglottis trichogyna,Least Concern,25.7513888835907,267.80694444444447
Celastraceae,Salacia petenensis,Least Concern,21.450776411139447,220.74482401656314
Fabaceae,Samanea saman,Least Concern,25.69314480951533,155.43359040274208
Sapindaceae,Sapindus saponaria,Least Concern,22.63537142955496,104.98286221493923
Euphorbiaceae,Sapium allenii,Endangered,23.70166654586792,270.35
Euphorbiaceae,Sapium glandulosum,Least Concern,23.329380920547088,182.83551941238196
Euphorbiaceae,Sapium laurifolium,Least Concern,23.7236710998043,216.40919158361018
Euphorbiaceae,Sapium macrocarpum,Least Concern,23.666926412664967,126.27554112554112
Euphorbiaceae,Sapium rigidifolium,TO BE ASSESSED,,
Annonaceae,Sapranthus palanga,Least Concern,25.90416665209664,145.52951388888889
Annonaceae,Sapranthus viridiflorus,Least Concern,23.754457373951755,253.16472868217053
Rhamnaceae,Sarcomphalus chloroxylon,,,
Actinidiaceae,Saurauia montana,Least Concern,18.974400181390326,220.56619537275066
Actinidiaceae,Saurauia pittieri,Least Concern,17.95116664648056,262.6875
Actinidiaceae,Saurauia rubiformis,Least Concern,17.555112480873465,236.8926380368098
Actinidiaceae,Saurauia yasicae,Least Concern,23.465722421948,221.23051558752996
Fabaceae,Schizolobium parahyba,Least Concern,23.940213176169138,190.52543604651163
Schoepfiaceae,Schoepfia schreberi,Least Concern,23.295950268243462,111.13934022648941
Araliaceae,Sciodaphyllum cartagoense,Endangered,19.411666711171467,262.33333333333337
Araliaceae,Sciodaphyllum pittieri,Least Concern,14.998641290526459,215.90307971014494
Euphorbiaceae,Sebastiania pavoniana,Least Concern,22.631309514670146,79.17529761904763
Celastraceae,Semialarium mexicanum,Least Concern,25.291882795055365,115.41066282420749
Fabaceae,Senegalia polyphylla,Least Concern,23.748663158341508,124.95907297830375
Fabaceae,Senna papillosa,Least Concern,23.83396196180893,208.95986460348163
Sapotaceae,Sideroxylon capiri,Least Concern,24.399653351181293,106.91680532445923
Sapotaceae,Sideroxylon contrerasii,Near Threatened,22.63319895344396,210.9005376344086
Sapotaceae,Sideroxylon portoricense,Least Concern,20.44228142239357,178.41325136612022
Simarubaceae,Simaba polyphylla,,,
Simarubaceae,Simarouba amara,Least Concern,24.11155740471391,170.6577408433364
Simarubaceae,Simarouba glauca,Least Concern,25.24639944581018,131.8684329710145
Rubiaceae,Simira maxonii,Least Concern,25.47877249953983,275.90427927927925
Siparunaceae,Siparuna cuspidata,Least Concern,25.403286390881025,228.4379890453834
Siparunaceae,Siparuna gesnerioides,Least Concern,21.51587590741995,230.21269261962692
Siparunaceae,Siparuna guianensis,Least Concern,24.843642353769976,177.50448690114342
Elaeocarpaceae,Sloanea ampla,Least Concern,19.41637254415774,237.75980392156862
Elaeocarpaceae,Sloanea brachytepala,,,
Elaeocarpaceae,Sloanea brenesii,Near Threatened,19.58173760792888,237.18794326241135
Elaeocarpaceae,Sloanea faginea,Least Concern,22.596651112921883,248.44781931464175
Elaeocarpaceae,Sloanea floribunda,,,
Elaeocarpaceae,Sloanea garcia-cossioi,Vulnerable,25.810185114542644,277.6820987654321
Elaeocarpaceae,Sloanea geniculata,Endangered,25.43263883060879,305.6458333333333
Elaeocarpaceae,Sloanea guianensis,Least Concern,23.957168231156473,178.0529294274301
Elaeocarpaceae,Sloanea laurifolia,Least Concern,25.12422120756821,213.297507788162
Elaeocarpaceae,Sloanea medusula,Least Concern,25.066496612263375,250.76020408163265
Elaeocarpaceae,Sloanea meianthera,Least Concern,24.852960523283272,234.05975877192984
Elaeocarpaceae,Sloanea obtusifolia,,,
Elaeocarpaceae,Sloanea picapica,,,
Elaeocarpaceae,Sloanea terniflora,Least Concern,25.389002812858575,179.09134842055633
Elaeocarpaceae,Sloanea zuliaensis,Least Concern,25.230341853239597,249.63888888888889
Arecaceae,Socratea exorrhiza,Least Concern,25.21935027834947,224.170197740113
Rubiaceae,Solenandra mexicana,Least Concern,24.694062954537007,126.12714592274678
Rubiaceae,Sommera donnell-smithii,Least Concern,21.114780405888688,245.48620495495496
Moraceae,Sorocea affinis,Least Concern,25.180336250896342,226.22478070175438
Moraceae,Sorocea pubivena,Least Concern,25.351856587695426,250.10756802721087
Moraceae,Sorocea trophoides,Least Concern,20.492819835457002,213.42210617928635
Malpighiaceae,Spachea correae,Near Threatened,25.650106821304714,274.48397435897436
Anacardiaceae,Spondias mombin,Least Concern,25.386166666348775,165.2122222222222
Anacardiaceae,Spondias purpurea,Least Concern,24.474585618674205,125.18821362799264
Anacardiaceae,Spondias radlkoferi,Least Concern,25.4377034348562,202.64692585895116
Staphyleaceae,Staphylea occidentalis,,,
Rubiaceae,Stenostomum turrialbanum,Near Threatened,24.687142876216342,262.502380952381
Dichapetalaceae,Stephanopodium costaricense,Least Concern,25.18208331267039,266.04375
Malvaceae,Sterculia allenii,,,
Malvaceae,Sterculia apetala,Least Concern,25.508907509471673,169.14509621353196
Malvaceae,Sterculia costaricana,Least Concern,25.0579656830021,247.53799019607843
Malvaceae,Sterculia recordiana,Least Concern,24.7138628944801,271.5218068535826
Fabaceae,Stryphnodendron microstachyum,Least Concern,24.8586601587682,245.83741830065358
Styracaceae,Styrax argenteus,Least Concern,19.58037834940985,126.10756676557864
Styracaceae,Styrax glabrescens,Least Concern,18.468990394855158,154.1400641025641
Styracaceae,Styrax warscewiczii,Least Concern,16.20229165388478,182.0888888888889
Fabaceae,Swartzia costaricensis,Least Concern,24.102808957689263,276.57677902621725
Fabaceae,Swartzia nicaraguensis,,,
Fabaceae,Swartzia ochnacea,,,
Fabaceae,Swartzia zeledonensis,Vulnerable,25.0123809723627,262.1928571428571
Meliaceae,Swietenia macrophylla,Endangered,24.705223413481228,159.3977958937198
Clusiaceae,Symphonia globulifera,Least Concern,24.4546461502711,204.45761411584198
Symplocaceae,Symplocos costaricana,Least Concern,20.896376801573712,205.2826086956522
Symplocaceae,Symplocos limoncillo,Least Concern,19.18824938647181,163.28836930455637
Symplocaceae,Symplocos naniflora,Near Threatened,24.53333333414844,268.44871794871796
Symplocaceae,Symplocos panamensis,Least Concern,22.43147059795903,257.1166666666667
Symplocaceae,Symplocos serrulata,Least Concern,14.19385964849539,207.8061403508772
Symplocaceae,Symplocos striata,Vulnerable,25.841666603088377,296.88666666666666
Bignoniaceae,Tabebuia rosea,Least Concern,24.91385606021592,141.14409090909092
Apocynaceae,Tabernaemontana alba,Least Concern,24.904110458675834,172.90430016863405
Apocynaceae,Tabernaemontana amygdalifolia,Least Concern,24.979891529170782,147.1849186483104
Apocynaceae,Tabernaemontana arborea,Least Concern,25.440254825534243,218.57128099173553
Apocynaceae,Tabernaemontana donnell-smithii,Least Concern,24.596628642454295,179.30542216886755
Apocynaceae,Tabernaemontana glabra,Least Concern,25.386979159474574,111.86500850340136
Apocynaceae,Tabernaemontana longipes,Least Concern,21.969896650437544,237.6078811369509
Apocynaceae,Tabernaemontana robinsonii,Least Concern,24.677446796877163,254.05141843971631
Apocynaceae,Tabernaemontana undulata,Least Concern,25.649873919878953,204.83560262228946
Fabaceae,Tachigali costaricensis,Near Threatened,24.941830033570334,266.5522875816994
Fabaceae,Tachigali versicolor,Endangered,25.47307690595969,266.30128205128204
Sapindaceae,Talisia macrophylla,Least Concern - to be submitted,,
Sapindaceae,Talisia nervosa,Least Concern,25.590968040173163,242.0124750499002
Anacardiaceae,Tapirira guianensis,Least Concern,24.222231945723042,169.14172274562583
Anacardiaceae,Tapirira mexicana,Least Concern,22.0324999913402,179.3626436781609
Dichapetalaceae,Tapura guianensis,Least Concern,25.943051855941242,195.0545129579982
Bignoniaceae,Tecoma stans,Least Concern,20.80158288423665,86.88811114646305
Lamiaceae,Tectona grandis,,25.576171870653827,137.21321614583334
Combretaceae,Terminalia amazonia,Least Concern,24.941252872313576,203.64816091954023
Combretaceae,Terminalia bucidoides,Least Concern,24.361956539361373,266.7173913043478
Combretaceae,Terminalia oblonga,Least Concern,24.866806872571125,189.6268028846154
Combretaceae,Terminalia tetraphylla,Least Concern,24.404453328704832,155.98760000000001
Salicaceae,Tetrathylacium johansenii,Least Concern,26.27631891945855,222.1019184652278
Salicaceae,Tetrathylacium macrophyllum,Least Concern,24.76912449167661,247.51919720767887
Euphorbiaceae,Tetrorchidium euryphyllum,Least Concern,21.96666666301017,267.8341158059468
Euphorbiaceae,Tetrorchidium robledoanum,,,
Euphorbiaceae,Tetrorchidium rotundatum,Least Concern,24.655997896903134,206.11889596602973
Malvaceae,Theobroma angustifolium,Least Concern,24.823967592554457,221.62020648967552
Malvaceae,Theobroma cacao,Data Deficient - To be submitted,,
Malvaceae,Theobroma simiarum,Least Concern,24.00333334604899,282.0736111111111
Sapindaceae,Thouinia serrata,,,
Sapindaceae,Thouinidium decandrum,Least Concern,24.95982612509114,106.97030839895014
Ticodendraceae,Ticodendron incognitum,Near Threatened,20.104144389191624,249.6898395721925
Rubiaceae,Tocoyena pittieri,Least Concern,24.378995452297332,222.2648401826484
Rubiaceae,Tournefortiopsis crispiflora,,,
Clusiaceae,Tovomita longifolia,Least Concern,24.27192987475479,225.25438596491227
Clusiaceae,Tovomita weddelliana,,,
Anacardiaceae,Toxicodendron striatum,Least Concern,19.245612986147023,163.69851762820514
Burseraceae,Trattinnickia aspera,Least Concern,25.036538456647826,254.12884615384615
Cannabaceae,Trema domingense,Least Concern,25.00632185223459,199.35057471264366
Cannabaceae,Trema micrantha,,,
Meliaceae,Trichilia adolfi,Least Concern,24.34019604851218,221.8186274509804
Meliaceae,Trichilia americana,Least Concern,24.024524307150166,115.53682170542636
Meliaceae,Trichilia glabra,Least Concern,24.03483009415537,121.30542071197411
Meliaceae,Trichilia havanensis,Least Concern,22.201811587094767,153.90683229813664
Meliaceae,Trichilia hirta,,,
Meliaceae,Trichilia martiana,Least Concern,24.67139757052064,180.50954861111111
Meliaceae,Trichilia pallida,Least Concern,23.95107698751023,175.1226044226044
Meliaceae,Trichilia pleeana,Least Concern,24.97088962524861,172.580518018018
Meliaceae,Trichilia quadrijuga,Least Concern,25.430389216798034,201.77145708582833
Meliaceae,Trichilia septentrionalis,Least Concern,25.895211466509313,186.35323383084577
Meliaceae,Trichilia trifolia,Least Concern,26.28908730499328,117.72222222222223
Meliaceae,Trichilia tuberculata,Least Concern,25.69508922029109,207.30431547619048
Malvaceae,Trichospermum galeottii,Least Concern,24.579665655385472,218.28992015968063
Polygonaceae,Triplaris melaenodendron,,,
Moraceae,Trophis mexicana,Least Concern,21.90054945531533,186.73220826792254
Moraceae,Trophis racemosa,Least Concern,24.303961304890557,172.5046476437527
Ulmaceae,Ulmus mexicana,Least Concern,20.073547162507708,168.62445175438597
Annonaceae,Unonopsis costaricensis,Least Concern,21.961711750374185,261.7950450450451
Annonaceae,Unonopsis hammelii,Vulnerable,25.165909044670336,303.780303030303
Annonaceae,Unonopsis osae,Near Threatened,25.3723270758143,262.8333333333333
Annonaceae,Unonopsis pittieri,Least Concern,25.297266307541513,270.4012345679012
Annonaceae,Unonopsis storkii,Least Concern,24.871004550968674,252.02625570776254
Annonaceae,Unonopsis theobromifolia,Least Concern,24.75735292715185,238.26633986928104
Urticaceae,Urera baccifera,Least Concern,22.56413442380795,163.89543047882137
Urticaceae,Urera caracasana,Least Concern,22.610440364938047,162.92592592592592
Ericaceae,Vaccinium consanguineum,Least Concern,11.294223747732433,192.68607305936072
Fabaceae,Vachellia allenii,Near Threatened,25.140624940395355,262.09166666666664
Fabaceae,Vachellia collinsii,Least Concern,25.73600249123155,117.37105263157895
Humiraceae,Vantanea barbourii,Least Concern,24.564062515894573,264.5729166666667
Humiraceae,Vantanea occidentalis,Least Concern,24.406250013245476,320.59722222222223
Fabaceae,Vatairea erythrocarpa,Least Concern,25.958178256278813,216.17558139534884
Asteraceae,Verbesina oerstediana,Least Concern,18.105409342410738,209.79239766081872
Viburnaceae,Viburnum costaricanum,Least Concern,16.3777659689281,219.1017730496454
Viburnaceae,Viburnum stellatotomentosum,Least Concern,17.613122578324944,224.70689655172413
Viburnaceae,Viburnum venustum,Least Concern,14.050925915991819,224.86033950617283
Myristicaceae,Virola allenii,Vulnerable,24.56538466918163,268.94871794871796
Myristicaceae,Virola koschnyi,Least Concern,24.856010093592634,266.4890572390572
Myristicaceae,Virola montana,Least Concern,19.769827631698256,273.45402298850576
Myristicaceae,Virola multiflora,Least Concern,25.315863436963184,247.90160642570282
Myristicaceae,Virola nobilis,,,
Myristicaceae,Virola sebifera,Least Concern,24.489897170154304,192.7929405225125
Hypericaceae,Vismia baccifera,Least Concern,22.75901623663691,223.68824228028504
Hypericaceae,Vismia billbergiana,Least Concern,24.7209755967303,246.0479674796748
Hypericaceae,Vismia macrophylla,Least Concern,25.533748193321617,217.89818049490538
Lamiaceae,Vitex cooperi,Least Concern,24.90547335547573,259.3713017751479
Lamiaceae,Vitex cymosa,,,
Vochysiaceae,Vochysia allenii,Least Concern,24.093534502489813,286.4310344827586
Vochysiaceae,Vochysia ferruginea,Least Concern,25.427266152682567,220.8318887685085
Vochysiaceae,Vochysia gentryi,Least Concern,24.40734646822277,240.12171052631578
Vochysiaceae,Vochysia guatemalensis,Least Concern,24.634325402639647,206.55176767676767
Sapindaceae,Vouarana anomala,Least Concern,25.68354700909041,251.81695156695156
Rubiaceae,Warszewiczia coccinea,Least Concern,25.120132319868624,231.32687460617518
Rubiaceae,Warszewiczia uxpanapensis,Least Concern,22.89799195982845,252.00200803212851
Cunoniaceae,Weinmannia balbisiana,Least Concern,17.395327551286805,147.02023121387282
Cunoniaceae,Weinmannia karsteniana,Near Threatened,14.209114585071802,172.0703125
Cunoniaceae,Weinmannia pinnata,Least Concern,15.125098974401203,146.64875296912115
Cunoniaceae,Weinmannia wercklei,Least Concern,18.5924549714939,238.48648648648648
Arecaceae,Welfia regia,Least Concern - submitted,,
Lauraceae,Williamodendron glaucophyllum,Endangered,25.577604164679844,266.7552083333333
Celastraceae,Wimmeria bartlettii,Least Concern,23.582169116712084,200.51470588235296
Ximeniaceae,Ximenia americana,Least Concern,24.612702256985195,104.69907671806587
Annonaceae,Xylopia bocatorena,Least Concern,24.599957285987006,268.2183760683761
Annonaceae,Xylopia frutescens,Least Concern,24.964614791932544,179.67887713997985
Annonaceae,Xylopia macrantha,Least Concern,25.974222219255235,280.63
Annonaceae,Xylopia sericea,,,
Annonaceae,Xylopia sericophylla,Least Concern,25.515427903012114,286.1385135135135
Salicaceae,Xylosma chlorantha,Least Concern,21.665408809979755,209.72327044025158
Salicaceae,Xylosma flexuosa,Least Concern,21.082565222477566,109.35855072463768
Salicaceae,Xylosma hispidula,Least Concern,19.824305560853745,241.50625
Salicaceae,Xylosma intermedia,Least Concern,24.195529808534953,175.67411699779248
Rutaceae,Zanthoxylum acuminatum,Least Concern,22.54123974676992,186.01519808743168
Rutaceae,Zanthoxylum ekmanii,Least Concern,24.942208312749862,196.23125
Rutaceae,Zanthoxylum melanostictum,Least Concern,17.084207711093857,177.94914346895075
Rutaceae,Zanthoxylum panamense,Least Concern,24.823405753702357,214.8108695652174
Rutaceae,Zanthoxylum schreberi,Least Concern,24.253683816721512,142.1530758226037
Rutaceae,Zanthoxylum setulosum,Least Concern,24.97407405724453,183.53050108932462
Celastraceae,Zinowiewia integerrima,Least Concern,19.671531527751203,187.81981981981983
Fabaceae,Zygia brenesii,Near Threatened,21.29758776279918,233.05263157894737
Fabaceae,Zygia confusa,Endangered,25.132291661368477,263.1875
Fabaceae,Zygia gigantifoliola,Least Concern,25.615338150429842,284.8357487922705
Fabaceae,Zygia palmana,,,
